2026-07-28T15:27:04.052443Z [info     ] Iniciando ingesta Bronze       layer=bronze module_name=lakehouse.pipeline.ingestion run_id=run_20260728_152704
2026-07-28T15:27:04.510305Z [info     ] Total pages detected: 104      layer=bronze module_name=lakehouse.pipeline.scraper
2026-07-28T15:27:04.510648Z [info     ] Page 1: 9 articles             layer=bronze module_name=lakehouse.pipeline.scraper
2026-07-28T15:27:04.695720Z [info     ] Page 2: 9 articles             layer=bronze module_name=lakehouse.pipeline.scraper
2026-07-28T15:27:04.863471Z [info     ] Page 3: 9 articles             layer=bronze module_name=lakehouse.pipeline.scraper
2026-07-28T15:27:05.025097Z [info     ] Page 4: 9 articles             layer=bronze module_name=lakehouse.pipeline.scraper
2026-07-28T15:27:05.187931Z [info     ] Page 5: 9 articles             layer=bronze module_name=lakehouse.pipeline.scraper
2026-07-28T15:27:05.354064Z [info     ] Page 6: 9 articles             layer=bronze module_name=lakehouse.pipeline.scraper
2026-07-28T15:27:05.515304Z [info     ] Page 7: 9 articles             layer=bronze module_name=lakehouse.pipeline.scraper
2026-07-28T15:27:05.673628Z [info     ] Page 8: 9 articles             layer=bronze module_name=lakehouse.pipeline.scraper
2026-07-28T15:27:05.843271Z [info     ] Page 9: 9 articles             layer=bronze module_name=lakehouse.pipeline.scraper
2026-07-28T15:27:06.010707Z [info     ] Page 10: 9 articles            layer=bronze module_name=lakehouse.pipeline.scraper
2026-07-28T15:27:06.172330Z [info     ] Page 11: 9 articles            layer=bronze module_name=lakehouse.pipeline.scraper
2026-07-28T15:27:06.335309Z [info     ] Page 12: 9 articles            layer=bronze module_name=lakehouse.pipeline.scraper
2026-07-28T15:27:06.501523Z [info     ] Page 13: 9 articles            layer=bronze module_name=lakehouse.pipeline.scraper
2026-07-28T15:27:06.672697Z [info     ] Page 14: 9 articles            layer=bronze module_name=lakehouse.pipeline.scraper
2026-07-28T15:27:06.841893Z [info     ] Page 15: 9 articles            layer=bronze module_name=lakehouse.pipeline.scraper
2026-07-28T15:27:07.010677Z [info     ] Page 16: 9 articles            layer=bronze module_name=lakehouse.pipeline.scraper
2026-07-28T15:27:07.173133Z [info     ] Page 17: 9 articles            layer=bronze module_name=lakehouse.pipeline.scraper
2026-07-28T15:27:07.342328Z [info     ] Page 18: 9 articles            layer=bronze module_name=lakehouse.pipeline.scraper
2026-07-28T15:27:07.504029Z [info     ] Page 19: 9 articles            layer=bronze module_name=lakehouse.pipeline.scraper
2026-07-28T15:27:07.663979Z [info     ] Page 20: 9 articles            layer=bronze module_name=lakehouse.pipeline.scraper
2026-07-28T15:27:07.826954Z [info     ] Page 21: 9 articles            layer=bronze module_name=lakehouse.pipeline.scraper
2026-07-28T15:27:07.995482Z [info     ] Page 22: 9 articles            layer=bronze module_name=lakehouse.pipeline.scraper
2026-07-28T15:27:08.208983Z [info     ] Page 23: 9 articles            layer=bronze module_name=lakehouse.pipeline.scraper
2026-07-28T15:27:08.387075Z [info     ] Page 24: 9 articles            layer=bronze module_name=lakehouse.pipeline.scraper
2026-07-28T15:27:08.562834Z [info     ] Page 25: 9 articles            layer=bronze module_name=lakehouse.pipeline.scraper
2026-07-28T15:27:08.721896Z [info     ] Page 26: 9 articles            layer=bronze module_name=lakehouse.pipeline.scraper
2026-07-28T15:27:08.887145Z [info     ] Page 27: 9 articles            layer=bronze module_name=lakehouse.pipeline.scraper
2026-07-28T15:27:09.058233Z [info     ] Page 28: 9 articles            layer=bronze module_name=lakehouse.pipeline.scraper
2026-07-28T15:27:09.222200Z [info     ] Page 29: 9 articles            layer=bronze module_name=lakehouse.pipeline.scraper
2026-07-28T15:27:09.408244Z [info     ] Page 30: 9 articles            layer=bronze module_name=lakehouse.pipeline.scraper
2026-07-28T15:27:09.578924Z [info     ] Page 31: 9 articles            layer=bronze module_name=lakehouse.pipeline.scraper
2026-07-28T15:27:09.741360Z [info     ] Page 32: 9 articles            layer=bronze module_name=lakehouse.pipeline.scraper
2026-07-28T15:27:09.902893Z [info     ] Page 33: 9 articles            layer=bronze module_name=lakehouse.pipeline.scraper
2026-07-28T15:27:10.066573Z [info     ] Page 34: 9 articles            layer=bronze module_name=lakehouse.pipeline.scraper
2026-07-28T15:27:10.247343Z [info     ] Page 35: 9 articles            layer=bronze module_name=lakehouse.pipeline.scraper
2026-07-28T15:27:10.424590Z [info     ] Page 36: 9 articles            layer=bronze module_name=lakehouse.pipeline.scraper
2026-07-28T15:27:10.593066Z [info     ] Page 37: 9 articles            layer=bronze module_name=lakehouse.pipeline.scraper
2026-07-28T15:27:10.753492Z [info     ] Page 38: 9 articles            layer=bronze module_name=lakehouse.pipeline.scraper
2026-07-28T15:27:11.223235Z [info     ] Page 39: 9 articles            layer=bronze module_name=lakehouse.pipeline.scraper
2026-07-28T15:27:11.406473Z [info     ] Page 40: 9 articles            layer=bronze module_name=lakehouse.pipeline.scraper
2026-07-28T15:27:11.565811Z [info     ] Page 41: 9 articles            layer=bronze module_name=lakehouse.pipeline.scraper
2026-07-28T15:27:11.729145Z [info     ] Page 42: 9 articles            layer=bronze module_name=lakehouse.pipeline.scraper
2026-07-28T15:27:11.903234Z [info     ] Page 43: 9 articles            layer=bronze module_name=lakehouse.pipeline.scraper
2026-07-28T15:27:12.072923Z [info     ] Page 44: 9 articles            layer=bronze module_name=lakehouse.pipeline.scraper
2026-07-28T15:27:12.230411Z [info     ] Page 45: 9 articles            layer=bronze module_name=lakehouse.pipeline.scraper
2026-07-28T15:27:12.414722Z [info     ] Page 46: 9 articles            layer=bronze module_name=lakehouse.pipeline.scraper
2026-07-28T15:27:12.583496Z [info     ] Page 47: 9 articles            layer=bronze module_name=lakehouse.pipeline.scraper
2026-07-28T15:27:12.752385Z [info     ] Page 48: 9 articles            layer=bronze module_name=lakehouse.pipeline.scraper
2026-07-28T15:27:12.911383Z [info     ] Page 49: 9 articles            layer=bronze module_name=lakehouse.pipeline.scraper
2026-07-28T15:27:13.078166Z [info     ] Page 50: 9 articles            layer=bronze module_name=lakehouse.pipeline.scraper
2026-07-28T15:27:13.263885Z [info     ] Page 51: 9 articles            layer=bronze module_name=lakehouse.pipeline.scraper
2026-07-28T15:27:14.244387Z [info     ] Page 52: 9 articles            layer=bronze module_name=lakehouse.pipeline.scraper
2026-07-28T15:27:14.416391Z [info     ] Page 53: 9 articles            layer=bronze module_name=lakehouse.pipeline.scraper
2026-07-28T15:27:14.583448Z [info     ] Page 54: 9 articles            layer=bronze module_name=lakehouse.pipeline.scraper
2026-07-28T15:27:14.753034Z [info     ] Page 55: 9 articles            layer=bronze module_name=lakehouse.pipeline.scraper
2026-07-28T15:27:14.920682Z [info     ] Page 56: 9 articles            layer=bronze module_name=lakehouse.pipeline.scraper
2026-07-28T15:27:15.093856Z [info     ] Page 57: 9 articles            layer=bronze module_name=lakehouse.pipeline.scraper
2026-07-28T15:27:15.261840Z [info     ] Page 58: 9 articles            layer=bronze module_name=lakehouse.pipeline.scraper
2026-07-28T15:27:15.540043Z [info     ] Page 59: 9 articles            layer=bronze module_name=lakehouse.pipeline.scraper
2026-07-28T15:27:15.709138Z [info     ] Page 60: 9 articles            layer=bronze module_name=lakehouse.pipeline.scraper
2026-07-28T15:27:15.884540Z [info     ] Page 61: 9 articles            layer=bronze module_name=lakehouse.pipeline.scraper
2026-07-28T15:27:16.178677Z [info     ] Page 62: 9 articles            layer=bronze module_name=lakehouse.pipeline.scraper
2026-07-28T15:27:16.351209Z [info     ] Page 63: 9 articles            layer=bronze module_name=lakehouse.pipeline.scraper
2026-07-28T15:27:16.545339Z [info     ] Page 64: 9 articles            layer=bronze module_name=lakehouse.pipeline.scraper
2026-07-28T15:27:16.714665Z [info     ] Page 65: 9 articles            layer=bronze module_name=lakehouse.pipeline.scraper
2026-07-28T15:27:16.881666Z [info     ] Page 66: 9 articles            layer=bronze module_name=lakehouse.pipeline.scraper
2026-07-28T15:27:17.047362Z [info     ] Page 67: 9 articles            layer=bronze module_name=lakehouse.pipeline.scraper
2026-07-28T15:27:17.216254Z [info     ] Page 68: 9 articles            layer=bronze module_name=lakehouse.pipeline.scraper
2026-07-28T15:27:17.376959Z [info     ] Page 69: 9 articles            layer=bronze module_name=lakehouse.pipeline.scraper
2026-07-28T15:27:17.538567Z [info     ] Page 70: 9 articles            layer=bronze module_name=lakehouse.pipeline.scraper
2026-07-28T15:27:17.715408Z [info     ] Page 71: 9 articles            layer=bronze module_name=lakehouse.pipeline.scraper
2026-07-28T15:27:17.883160Z [info     ] Page 72: 9 articles            layer=bronze module_name=lakehouse.pipeline.scraper
2026-07-28T15:27:18.049719Z [info     ] Page 73: 9 articles            layer=bronze module_name=lakehouse.pipeline.scraper
2026-07-28T15:27:18.325439Z [info     ] Page 74: 9 articles            layer=bronze module_name=lakehouse.pipeline.scraper
2026-07-28T15:27:18.491602Z [info     ] Page 75: 9 articles            layer=bronze module_name=lakehouse.pipeline.scraper
2026-07-28T15:27:18.667728Z [info     ] Page 76: 9 articles            layer=bronze module_name=lakehouse.pipeline.scraper
2026-07-28T15:27:18.835917Z [info     ] Page 77: 9 articles            layer=bronze module_name=lakehouse.pipeline.scraper
2026-07-28T15:27:19.029151Z [info     ] Page 78: 9 articles            layer=bronze module_name=lakehouse.pipeline.scraper
2026-07-28T15:27:19.237534Z [info     ] Page 79: 9 articles            layer=bronze module_name=lakehouse.pipeline.scraper
2026-07-28T15:27:19.406503Z [info     ] Page 80: 9 articles            layer=bronze module_name=lakehouse.pipeline.scraper
2026-07-28T15:27:19.572979Z [info     ] Page 81: 9 articles            layer=bronze module_name=lakehouse.pipeline.scraper
2026-07-28T15:27:19.732837Z [info     ] Page 82: 9 articles            layer=bronze module_name=lakehouse.pipeline.scraper
2026-07-28T15:27:19.902297Z [info     ] Page 83: 9 articles            layer=bronze module_name=lakehouse.pipeline.scraper
2026-07-28T15:27:20.074531Z [info     ] Page 84: 9 articles            layer=bronze module_name=lakehouse.pipeline.scraper
2026-07-28T15:27:20.363207Z [info     ] Page 85: 9 articles            layer=bronze module_name=lakehouse.pipeline.scraper
2026-07-28T15:27:20.542269Z [info     ] Page 86: 9 articles            layer=bronze module_name=lakehouse.pipeline.scraper
2026-07-28T15:27:20.705132Z [info     ] Page 87: 9 articles            layer=bronze module_name=lakehouse.pipeline.scraper
2026-07-28T15:27:20.871578Z [info     ] Page 88: 9 articles            layer=bronze module_name=lakehouse.pipeline.scraper
2026-07-28T15:27:21.033918Z [info     ] Page 89: 9 articles            layer=bronze module_name=lakehouse.pipeline.scraper
2026-07-28T15:27:21.212548Z [info     ] Page 90: 9 articles            layer=bronze module_name=lakehouse.pipeline.scraper
2026-07-28T15:27:21.383072Z [info     ] Page 91: 9 articles            layer=bronze module_name=lakehouse.pipeline.scraper
2026-07-28T15:27:21.557106Z [info     ] Page 92: 9 articles            layer=bronze module_name=lakehouse.pipeline.scraper
2026-07-28T15:27:21.728857Z [info     ] Page 93: 9 articles            layer=bronze module_name=lakehouse.pipeline.scraper
2026-07-28T15:27:21.907485Z [info     ] Page 94: 9 articles            layer=bronze module_name=lakehouse.pipeline.scraper
2026-07-28T15:27:22.071647Z [info     ] Page 95: 9 articles            layer=bronze module_name=lakehouse.pipeline.scraper
2026-07-28T15:27:22.236389Z [info     ] Page 96: 9 articles            layer=bronze module_name=lakehouse.pipeline.scraper
2026-07-28T15:27:22.407140Z [info     ] Page 97: 9 articles            layer=bronze module_name=lakehouse.pipeline.scraper
2026-07-28T15:27:22.576680Z [info     ] Page 98: 9 articles            layer=bronze module_name=lakehouse.pipeline.scraper
2026-07-28T15:27:22.745560Z [info     ] Page 99: 9 articles            layer=bronze module_name=lakehouse.pipeline.scraper
2026-07-28T15:27:22.907632Z [info     ] Page 100: 9 articles           layer=bronze module_name=lakehouse.pipeline.scraper
2026-07-28T15:27:23.066942Z [info     ] Page 101: 9 articles           layer=bronze module_name=lakehouse.pipeline.scraper
2026-07-28T15:27:23.237275Z [info     ] Page 102: 9 articles           layer=bronze module_name=lakehouse.pipeline.scraper
2026-07-28T15:27:23.403929Z [info     ] Page 103: 9 articles           layer=bronze module_name=lakehouse.pipeline.scraper
2026-07-28T15:27:23.565975Z [info     ] Page 104: 6 articles           layer=bronze module_name=lakehouse.pipeline.scraper
2026-07-28T15:27:23.566422Z [info     ] Total articles collected: 933  layer=bronze module_name=lakehouse.pipeline.scraper
2026-07-28T15:27:23.566605Z [info     ] Artículos encontrados para descargar cantidad=933 layer=bronze module_name=lakehouse.pipeline.ingestion
2026-07-28T15:27:24.079968Z [warning  ] Artículo duplicado, omitido    hash=db69e324b1c9f76611eb5b63562f34d3a271beed36357f394713670db828684c layer=bronze module_name=lakehouse.pipeline.ingestion url='https://www.gob.mx/presidencia/es/articulos/version-estenografica-conferencia-de-prensa-de-la-presidenta-claudia-sheinbaum-pardo-del-27-de-julio-de-2026?idiom=es'
2026-07-28T15:27:24.532781Z [warning  ] Artículo duplicado, omitido    hash=b66c54787a50d36978807b858c449b8fee5d6d3d860a5c28664bae605f2cf6cd layer=bronze module_name=lakehouse.pipeline.ingestion url='https://www.gob.mx/presidencia/es/articulos/version-estenografica-pension-mujeres-bienestar-acapulco-guerrero?idiom=es'
2026-07-28T15:27:24.923437Z [warning  ] Artículo duplicado, omitido    hash=403cd7a1e977078e29fe2710ddb6cdaa0e939210eac94a6e8b19b2d7ffd5c276 layer=bronze module_name=lakehouse.pipeline.ingestion url='https://www.gob.mx/presidencia/es/articulos/version-estenografica-vivienda-para-el-bienestar-cuautla-morelos?idiom=es'
2026-07-28T15:27:25.332885Z [warning  ] Artículo duplicado, omitido    hash=772544b082b07c67a573118ef875da372b41b9ab92c8f825c15928a8b3eac206 layer=bronze module_name=lakehouse.pipeline.ingestion url='https://www.gob.mx/presidencia/es/articulos/version-estenografica-vivienda-para-el-bienestar-xoxocotla-morelos?idiom=es'
2026-07-28T15:27:25.725476Z [warning  ] Artículo duplicado, omitido    hash=e493706418b3c081681c9808fc62ae6f0c040d2bfa96917c1b5c1b4d33a2c765 layer=bronze module_name=lakehouse.pipeline.ingestion url='https://www.gob.mx/presidencia/es/articulos/version-estenografica-entrega-de-apoyos-a-productores-de-cana-zacatepec-morelos?idiom=es'
2026-07-28T15:27:26.171168Z [warning  ] Artículo duplicado, omitido    hash=55e1ac19fa8f96b3481a386b0ead0ad9746655a33ee27c7d74dd8bbf69cea06c layer=bronze module_name=lakehouse.pipeline.ingestion url='https://www.gob.mx/presidencia/es/articulos/version-estenografica-conferencia-de-prensa-de-la-presidenta-claudia-sheinbaum-pardo-del-24-de-julio-de-2026?idiom=es'
2026-07-28T15:27:26.601598Z [warning  ] Artículo duplicado, omitido    hash=2aabddf77e1fb30e40d9164fd5181044be0fee7b32ec25116640cb3261ffcbee layer=bronze module_name=lakehouse.pipeline.ingestion url='https://www.gob.mx/presidencia/es/articulos/version-estenografica-conferencia-de-prensa-de-la-presidenta-claudia-sheinbaum-pardo-del-23-de-julio-de-2026?idiom=es'
2026-07-28T15:27:27.012392Z [warning  ] Artículo duplicado, omitido    hash=85260849e4714245e763f273ba69ebddf822ca6d52aa52c5eccd94ac22bf0b2a layer=bronze module_name=lakehouse.pipeline.ingestion url='https://www.gob.mx/presidencia/es/articulos/version-estenografica-derecho-de-replica-miercoles-22-de-julio-2026-palacio-nacional?idiom=es'
2026-07-28T15:27:27.448552Z [warning  ] Artículo duplicado, omitido    hash=57cae0915261e3a6986b9c58177a87a5ca994d9ab61c4d8748dc2af59e025e63 layer=bronze module_name=lakehouse.pipeline.ingestion url='https://www.gob.mx/presidencia/es/articulos/version-estenografica-conferencia-de-prensa-de-la-presidenta-claudia-sheinbaum-pardo-del-22-de-julio-de-2026?idiom=es'
2026-07-28T15:27:27.908789Z [warning  ] Artículo duplicado, omitido    hash=49c7d1332dc5ac8ebd28dbc853b36908eb2122c8fe81eb7730ba54477aeca0e8 layer=bronze module_name=lakehouse.pipeline.ingestion url='https://www.gob.mx/presidencia/es/articulos/version-estenografica-conferencia-de-prensa-de-la-presidenta-claudia-sheinbaum-pardo-del-21-de-julio-de-2026?idiom=es'
2026-07-28T15:27:28.280792Z [warning  ] Artículo duplicado, omitido    hash=ea079be6621275223088e3147eacf9ad28c58b7399656119b18d80857710210e layer=bronze module_name=lakehouse.pipeline.ingestion url='https://www.gob.mx/presidencia/es/articulos/version-estenografica-abanderamiento-de-delegacion-mexicana-por-xxv-juegos-centroamericanos-y-del-caribe-palacio-nacional?idiom=es'
2026-07-28T15:27:28.719575Z [warning  ] Artículo duplicado, omitido    hash=d7170db0e661f7e8cab902eb2e331da5bb38710a5eb6b5aa3e3b61f9da4ff46b layer=bronze module_name=lakehouse.pipeline.ingestion url='https://www.gob.mx/presidencia/es/articulos/version-estenografica-conferencia-de-prensa-de-la-presidenta-claudia-sheinbaum-pardo-del-20-de-julio-de-2026?idiom=es'
2026-07-28T15:27:29.164536Z [warning  ] Artículo duplicado, omitido    hash=9476ca28d6c7b17241b747755bde91f3f291f516b8c545c4fb305df5401d350b layer=bronze module_name=lakehouse.pipeline.ingestion url='https://www.gob.mx/presidencia/es/articulos/version-estenografica-vivienda-para-el-bienestar-playa-del-carmen-quintana-roo-430689?idiom=es'
2026-07-28T15:27:30.177333Z [warning  ] Artículo duplicado, omitido    hash=db21a3e4f5f6f6d7ee68fcb2d863cd7cc9948a0cf55c012f613212e769826250 layer=bronze module_name=lakehouse.pipeline.ingestion url='https://www.gob.mx/presidencia/es/articulos/version-estenografica-conferencia-de-prensa-de-la-presidenta-claudia-sheinbaum-pardo-del-17-de-julio-de-2026?idiom=es'
2026-07-28T15:27:30.692949Z [warning  ] Artículo duplicado, omitido    hash=402b2dfbca5d1e7c92a510c6e966034095c5117cc397c3d7c6fe7678e6e6280b layer=bronze module_name=lakehouse.pipeline.ingestion url='https://www.gob.mx/presidencia/es/articulos/version-estenografica-conferencia-de-prensa-de-la-presidenta-claudia-sheinbaum-pardo-del-16-de-julio-de-2026?idiom=es'
2026-07-28T15:27:31.070578Z [warning  ] Artículo duplicado, omitido    hash=fca1d161d869052c066e687d65eb64940956f1ea661c4ba29d1c89f04213b218 layer=bronze module_name=lakehouse.pipeline.ingestion url='https://www.gob.mx/presidencia/es/articulos/version-estenografica-encuentro-bilateral-mexico-panama-mensaje-a-medios-de-comunicacion-palacio-nacional?idiom=es'
2026-07-28T15:27:31.628854Z [warning  ] Artículo duplicado, omitido    hash=a415ef3c069f215bc11b974ac6dd6a6c121f88cce35991acb85a915dcb001496 layer=bronze module_name=lakehouse.pipeline.ingestion url='https://www.gob.mx/presidencia/es/articulos/version-estenografica-conferencia-de-prensa-de-la-presidenta-claudia-sheinbaum-pardo-del-15-de-julio-de-2026?idiom=es'
2026-07-28T15:27:31.967765Z [warning  ] Artículo duplicado, omitido    hash=f31ceb0aa318c42f728f90e958935f569ebf4a4ce5186904284b3ee290e4e43e layer=bronze module_name=lakehouse.pipeline.ingestion url='https://www.gob.mx/presidencia/es/articulos/version-estenografica-159-aniversario-de-la-republica-restaurada-palacio-nacional?idiom=es'
2026-07-28T15:27:32.482010Z [warning  ] Artículo duplicado, omitido    hash=f8a46a3a3db59ce62f2be14a69558e6c015edb3b6dfb4b81d1075cfd6df4a96f layer=bronze module_name=lakehouse.pipeline.ingestion url='https://www.gob.mx/presidencia/es/articulos/version-estenografica-conferencia-de-prensa-de-la-presidenta-claudia-sheinbaum-pardo-del-14-de-julio-de-2026?idiom=es'
2026-07-28T15:27:32.937897Z [warning  ] Artículo duplicado, omitido    hash=1db101c2391e71496a2dc287695d28fa13c1080b3fa4da23a836aa315d06ad9a layer=bronze module_name=lakehouse.pipeline.ingestion url='https://www.gob.mx/presidencia/es/articulos/version-estenografica-conferencia-de-prensa-de-la-presidenta-claudia-sheinbaum-pardo-del-13-de-julio-de-2026?idiom=es'
2026-07-28T15:27:33.286740Z [warning  ] Artículo duplicado, omitido    hash=c8136528a7dc0faad97c19e7712502d7891b0270de7134732e076bce32477717 layer=bronze module_name=lakehouse.pipeline.ingestion url='https://www.gob.mx/presidencia/es/articulos/version-estenografica-becas-para-el-bienestar-zacatecas-zacatecas?idiom=es'
2026-07-28T15:27:33.669266Z [warning  ] Artículo duplicado, omitido    hash=046d7d3c5d9d933ce813b8c39eebe6ec0e455091730331520c4d95b8bf2ab2d8 layer=bronze module_name=lakehouse.pipeline.ingestion url='https://www.gob.mx/presidencia/es/articulos/version-estenografica-pension-mujeres-bienestar-rio-grande-zacatecas?idiom=es'
2026-07-28T15:27:34.082311Z [warning  ] Artículo duplicado, omitido    hash=8df32e488064b63572b740907341acc4f20e404be704171b910dc63199c97ee6 layer=bronze module_name=lakehouse.pipeline.ingestion url='https://www.gob.mx/presidencia/es/articulos/vivienda-para-el-bienestar-gomez-palacio-durango?idiom=es'
2026-07-28T15:27:34.502141Z [warning  ] Artículo duplicado, omitido    hash=6287c691f17c015998c303e13f2105fb2b02d4091554910afe2fe0e385d72cda layer=bronze module_name=lakehouse.pipeline.ingestion url='https://www.gob.mx/presidencia/es/articulos/version-estenografica-recepcion-al-agrupamiento-yumare-por-apoyo-en-venezuela-zumpango-estado-de-mexico?idiom=es'
2026-07-28T15:27:34.971823Z [warning  ] Artículo duplicado, omitido    hash=6c4540422a5ae5513619487c97727ccd0a83eb91ac8e56f7f7010bdba1a2a4ac layer=bronze module_name=lakehouse.pipeline.ingestion url='https://www.gob.mx/presidencia/es/articulos/version-estenografica-conferencia-de-prensa-de-la-presidenta-claudia-sheinbaum-pardo-del-10-de-julio-de-2026?idiom=es'
2026-07-28T15:27:35.364594Z [warning  ] Artículo duplicado, omitido    hash=61614953976b1910fcd7c5da761d6e9da79f99d1b7c04123c9774eb28ccde5ec layer=bronze module_name=lakehouse.pipeline.ingestion url='https://www.gob.mx/presidencia/es/articulos/version-estenografica-si-al-desarme-si-a-la-paz-ciudad-de-mexico?idiom=es'
2026-07-28T15:27:35.785303Z [warning  ] Artículo duplicado, omitido    hash=78f6371e651d08cee0af512f5f7eb3492830a5e7bfc05312d5b96d35da9b0b06 layer=bronze module_name=lakehouse.pipeline.ingestion url='https://www.gob.mx/presidencia/es/articulos/version-estenografica-conferencia-de-prensa-de-la-presidenta-claudia-sheinbaum-pardo-del-09-de-julio-de-2026?idiom=es'
2026-07-28T15:27:36.203757Z [warning  ] Artículo duplicado, omitido    hash=5669b0c5e6f4da5b197e90c17692d98fd7ff1e951074e62015723465d583c54f layer=bronze module_name=lakehouse.pipeline.ingestion url='https://www.gob.mx/presidencia/es/articulos/version-estenografica-derecho-de-replica-miercoles-08-de-julio-2026-palacio-nacional?idiom=es'
2026-07-28T15:27:36.540128Z [warning  ] Artículo duplicado, omitido    hash=30cd8fe56cc273306a2572421cc972b75447f3e5ad320d42305aa4e737cd8f49 layer=bronze module_name=lakehouse.pipeline.ingestion url='https://www.gob.mx/presidencia/es/articulos/version-estenografica-encuentro-bilateral-mexico-suiza-mensaje-a-medios-de-comunicacion-palacio-nacional?idiom=es'
2026-07-28T15:27:36.993321Z [warning  ] Artículo duplicado, omitido    hash=5fe7f70507a8e7ea80ff62af1c3b2f8b86cb5e072861404d93b87c67e2ac356d layer=bronze module_name=lakehouse.pipeline.ingestion url='https://www.gob.mx/presidencia/es/articulos/version-estenografica-conferencia-de-prensa-de-la-presidenta-claudia-sheinbaum-pardo-del-08-de-julio-de-2026?idiom=es'
2026-07-28T15:27:37.434408Z [warning  ] Artículo duplicado, omitido    hash=d26fafe2c568f21605c71708ade21345c2ad7b0aebdd55a08c695968d25577b3 layer=bronze module_name=lakehouse.pipeline.ingestion url='https://www.gob.mx/presidencia/es/articulos/version-estenografica-conferencia-de-prensa-de-la-presidenta-claudia-sheinbaum-pardo-del-07-de-julio-de-2026?idiom=es'
2026-07-28T15:27:37.874188Z [warning  ] Artículo duplicado, omitido    hash=6b92f0144abb87edb2b2247b672885ea8dac74fcc0bbae143cca7bea643d38ee layer=bronze module_name=lakehouse.pipeline.ingestion url='https://www.gob.mx/presidencia/es/articulos/version-estenografica-conferencia-de-prensa-de-la-presidenta-claudia-sheinbaum-pardo-del-06-de-julio-de-2026?idiom=es'
2026-07-28T15:27:38.322203Z [warning  ] Artículo duplicado, omitido    hash=968095fb7756280fb001820d969fa993f9b1510880e1540b01c1cfdb9aaa2a63 layer=bronze module_name=lakehouse.pipeline.ingestion url='https://www.gob.mx/presidencia/es/articulos/version-estenografica-vivienda-para-el-bienestar-morelia-michoacan?idiom=es'
2026-07-28T15:27:38.760534Z [warning  ] Artículo duplicado, omitido    hash=fafa3ac60243c78fcb4d721b19da9810f44b4023aa4374e0c45f10a97b9e9ed5 layer=bronze module_name=lakehouse.pipeline.ingestion url='https://www.gob.mx/presidencia/es/articulos/version-estenografica-pension-mujeres-bienestar-quiroga-michoacan?idiom=es'
2026-07-28T15:27:39.115910Z [warning  ] Artículo duplicado, omitido    hash=b63c60736dfc21e310c774c6cfa87c492dbacfc676dd9c4324f6e7ed5b44b503 layer=bronze module_name=lakehouse.pipeline.ingestion url='https://www.gob.mx/presidencia/es/articulos/version-estenografica-plan-michoacan-patzcuaro-michoacan?idiom=es'
2026-07-28T15:27:39.495580Z [warning  ] Artículo duplicado, omitido    hash=408bd39ac212b22493927559d72dbbc69a6f81109ff4c9baf4c3829391a0a204 layer=bronze module_name=lakehouse.pipeline.ingestion url='https://www.gob.mx/presidencia/es/articulos/version-estenografica-plan-de-justicia-para-el-pueblo-p-urhepecha-cheran-michoacan?idiom=es'
2026-07-28T15:27:39.949562Z [warning  ] Artículo duplicado, omitido    hash=2348931b66fd9d65ff5f02274197509acfd06df4c05ead33ad01d92cf0372005 layer=bronze module_name=lakehouse.pipeline.ingestion url='https://www.gob.mx/presidencia/es/articulos/version-estenografica-conferencia-de-prensa-de-la-presidenta-claudia-sheinbaum-pardo-del-03-de-julio-de-2026?idiom=es'
2026-07-28T15:27:40.397654Z [warning  ] Artículo duplicado, omitido    hash=b408ddf662f37bebdbf27b30e78cd654eab605c9f92f9d9053381bfddbe1abf7 layer=bronze module_name=lakehouse.pipeline.ingestion url='https://www.gob.mx/presidencia/es/articulos/version-estenografica-conferencia-de-prensa-de-la-presidenta-claudia-sheinbaum-pardo-del-02-de-julio-de-2026?idiom=es'
2026-07-28T15:27:40.891543Z [warning  ] Artículo duplicado, omitido    hash=9c08826a0beac5d1f8982d961655e48647c7d362a2041cc9d82c1ed2267b1383 layer=bronze module_name=lakehouse.pipeline.ingestion url='https://www.gob.mx/presidencia/es/articulos/version-estenografica-derecho-de-replica-miercoles-01-de-julio-2026-palacio-nacional?idiom=es'
2026-07-28T15:27:41.364112Z [warning  ] Artículo duplicado, omitido    hash=1e88ad6431362fe8f0f934e3888e7f286b1df132c6fad9938bfecab0ddebca87 layer=bronze module_name=lakehouse.pipeline.ingestion url='https://www.gob.mx/presidencia/es/articulos/version-estenografica-conferencia-de-prensa-de-la-presidenta-claudia-sheinbaum-pardo-del-01-de-julio-de-2026?idiom=es'
2026-07-28T15:27:41.766637Z [warning  ] Artículo duplicado, omitido    hash=af6cd60faeaa465be16e9d9880dd8f28c834cf270f570275d0dad81fb836e65b layer=bronze module_name=lakehouse.pipeline.ingestion url='https://www.gob.mx/presidencia/es/articulos/version-estenografica-7-aniversario-de-la-guardia-nacional-huehuetoca-estado-de-mexico?idiom=es'
2026-07-28T15:27:42.256569Z [warning  ] Artículo duplicado, omitido    hash=aae3c848a7110a4614aed53ac8ef2f07dec7fa7007b02b57f2a308f6fdce0fe4 layer=bronze module_name=lakehouse.pipeline.ingestion url='https://www.gob.mx/presidencia/es/articulos/version-estenografica-conferencia-de-prensa-de-la-presidenta-claudia-sheinbaum-pardo-del-30-de-junio-de-2026?idiom=es'
2026-07-28T15:27:42.681957Z [warning  ] Artículo duplicado, omitido    hash=ee3db34863220791e54b3af7cf35dd982d8175c52ec4d6754a8b0f93d221d02d layer=bronze module_name=lakehouse.pipeline.ingestion url='https://www.gob.mx/presidencia/es/articulos/version-estenografica-conferencia-de-prensa-de-la-presidenta-claudia-sheinbaum-pardo-del-29-de-junio-de-2026?idiom=es'
2026-07-28T15:27:43.084248Z [warning  ] Artículo duplicado, omitido    hash=da227ff6db1584dfad2b1e17df799984146fdc34286d2d8746a11233e3357164 layer=bronze module_name=lakehouse.pipeline.ingestion url='https://www.gob.mx/presidencia/es/articulos/version-estenografica-vivienda-para-el-bienestar-tuxtla-gutierrez-chiapas?idiom=es'
2026-07-28T15:27:43.482191Z [warning  ] Artículo duplicado, omitido    hash=b8fae01f78fc47735007b381e3b52d38352555db0125c15a61f191bf9f283ecb layer=bronze module_name=lakehouse.pipeline.ingestion url='https://www.gob.mx/presidencia/es/articulos/version-estenografica-plan-nacional-de-maiz-nativo-pijijiapan-chiapas?idiom=es'
2026-07-28T15:27:43.871729Z [warning  ] Artículo duplicado, omitido    hash=39e79ae58250de56fa918b15dfe921c99a70989f67b70cbdf185b5839895c44d layer=bronze module_name=lakehouse.pipeline.ingestion url='https://www.gob.mx/presidencia/es/articulos/version-estenografica-inauguracion-de-planta-productora-de-moscas-esteriles-metapa-chiapas?idiom=es'
2026-07-28T15:27:44.232168Z [warning  ] Artículo duplicado, omitido    hash=e043e8863e2e810bc97442f6d6f368b178f60501fac0dcfc9978d9c08edcc773 layer=bronze module_name=lakehouse.pipeline.ingestion url='https://www.gob.mx/presidencia/es/articulos/version-estenografica-pension-mujeres-bienestar-tuxtla-chico-chiapas?idiom=es'
2026-07-28T15:27:44.615504Z [warning  ] Artículo duplicado, omitido    hash=b8abb512d6cf14f4c3dc0aa9271a0d76f328f6a03e39a9f18201107365e5d16b layer=bronze module_name=lakehouse.pipeline.ingestion url='https://www.gob.mx/presidencia/es/articulos/version-estenografica-beca-rita-cetina-tapachula-chiapas?idiom=es'
2026-07-28T15:27:45.101026Z [warning  ] Artículo duplicado, omitido    hash=c9b285c6765f76234574db4b05d6b7babc7f824ceaba7aafa34ff53671f70451 layer=bronze module_name=lakehouse.pipeline.ingestion url='https://www.gob.mx/presidencia/es/articulos/version-estenografica-conferencia-de-prensa-de-la-presidenta-claudia-sheinbaum-pardo-del-26-de-junio-de-2026?idiom=es'
2026-07-28T15:27:45.604584Z [warning  ] Artículo duplicado, omitido    hash=a166621abe43e979c306e42d8d8f5a289b7943c88861b9e763f864cf6c7f3fac layer=bronze module_name=lakehouse.pipeline.ingestion url='https://www.gob.mx/presidencia/es/articulos/version-estenografica-conferencia-de-prensa-de-la-presidenta-claudia-sheinbaum-pardo-del-25-de-junio-de-2026?idiom=es'
2026-07-28T15:27:46.060471Z [warning  ] Artículo duplicado, omitido    hash=be2c584c3dfbeab3ae89ed6b717bc52de7624af1e2f6e04199f6ead339b77ead layer=bronze module_name=lakehouse.pipeline.ingestion url='https://www.gob.mx/presidencia/es/articulos/version-estenografica-conferencia-de-prensa-de-la-presidenta-claudia-sheinbaum-pardo-del-24-de-junio-de-2026?idiom=es'
2026-07-28T15:27:46.729513Z [warning  ] Artículo duplicado, omitido    hash=e2f72bd9ab7ef575a4c0a7a45410118f0b018835f9ecd0faee06b4e3a11af5be layer=bronze module_name=lakehouse.pipeline.ingestion url='https://www.gob.mx/presidencia/es/articulos/version-estenografica-conferencia-de-prensa-de-la-presidenta-claudia-sheinbaum-pardo-del-23-de-junio-de-2026?idiom=es'
2026-07-28T15:27:47.169373Z [warning  ] Artículo duplicado, omitido    hash=f0e95c6b015f482ee69b1e31f2dea0f340f591bbd3cdc42a9efe914cae4ac3c5 layer=bronze module_name=lakehouse.pipeline.ingestion url='https://www.gob.mx/presidencia/es/articulos/version-estenografica-conferencia-de-prensa-de-la-presidenta-claudia-sheinbaum-pardo-del-22-de-junio-de-2026?idiom=es'
2026-07-28T15:27:47.595222Z [warning  ] Artículo duplicado, omitido    hash=9aaae09396f8f90e640bf04fcc8e7138bab2bb16f0759fb0cdb7bfff05638a93 layer=bronze module_name=lakehouse.pipeline.ingestion url='https://www.gob.mx/presidencia/es/articulos/version-estenografica-inauguracion-central-de-ciclo-combinado-mexicali-baja-california?idiom=es'
2026-07-28T15:27:47.963140Z [warning  ] Artículo duplicado, omitido    hash=e20b14e7478446e759458d30241726a57ac622af81e58747f48de74269bcbcc6 layer=bronze module_name=lakehouse.pipeline.ingestion url='https://www.gob.mx/presidencia/es/articulos/version-estenografica-beca-rita-cetina-tijuana-baja-california?idiom=es'
2026-07-28T15:27:48.327469Z [warning  ] Artículo duplicado, omitido    hash=87c6bb843b10361daae43285cef685b5994c21c6db0f5834eebb88b2fdb96a3c layer=bronze module_name=lakehouse.pipeline.ingestion url='https://www.gob.mx/presidencia/es/articulos/version-estenografica-inauguracion-de-bachillerato-nacional-tijuana-baja-california?idiom=es'
2026-07-28T15:27:48.728418Z [warning  ] Artículo duplicado, omitido    hash=2b51ebb300d9fe3cb7348df5bb740cec0a01bc3a28a3d9d627c832858604a557 layer=bronze module_name=lakehouse.pipeline.ingestion url='https://www.gob.mx/presidencia/es/articulos/version-estenografica-plan-de-justicia-para-trabajadores-agricolas-san-quintin-baja-california?idiom=es'
2026-07-28T15:27:49.145515Z [warning  ] Artículo duplicado, omitido    hash=18db0314dc5a859657bf532fd6f568e66849c2ec8b97964e0cae83dc9b2b9fb6 layer=bronze module_name=lakehouse.pipeline.ingestion url='https://www.gob.mx/presidencia/es/articulos/version-estenografica-conferencia-de-prensa-de-la-presidenta-claudia-sheinbaum-pardo-del-19-de-junio-de-2026?idiom=es'
2026-07-28T15:27:49.605234Z [warning  ] Artículo duplicado, omitido    hash=da7d7e8877cf468e3bc6e9691f8bc0a84b65a4b5342ebc30b01330ae66cd3c04 layer=bronze module_name=lakehouse.pipeline.ingestion url='https://www.gob.mx/presidencia/es/articulos/version-estenografica-conferencia-de-prensa-de-la-presidenta-claudia-sheinbaum-pardo-del-18-de-junio-de-2026?idiom=es'
2026-07-28T15:27:50.248939Z [warning  ] Artículo duplicado, omitido    hash=0bb8012ae1763b549c73c7ae8bc0aad808319dea64a31ffcda3ffdd12b195564 layer=bronze module_name=lakehouse.pipeline.ingestion url='https://www.gob.mx/presidencia/es/articulos/version-estenografica-derecho-de-replica-miercoles-17-de-junio-2026-palacio-nacional?idiom=es'
2026-07-28T15:27:50.721977Z [warning  ] Artículo duplicado, omitido    hash=d2ff5ae4f8f575ac532fe31035e55f96c2793464cce889241a1f2ea83bdffc55 layer=bronze module_name=lakehouse.pipeline.ingestion url='https://www.gob.mx/presidencia/es/articulos/version-estenografica-conferencia-de-prensa-de-la-presidenta-claudia-sheinbaum-pardo-del-17-de-junio-de-2026?idiom=es'
2026-07-28T15:27:51.149862Z [warning  ] Artículo duplicado, omitido    hash=6e4296c96a973b2fb163b35c1463614b293650df5494661a3c1558f5cfe0e6fc layer=bronze module_name=lakehouse.pipeline.ingestion url='https://www.gob.mx/presidencia/es/articulos/version-estenografica-conferencia-de-prensa-de-la-presidenta-claudia-sheinbaum-pardo-del-16-de-junio-de-2026?idiom=es'
2026-07-28T15:27:51.572709Z [warning  ] Artículo duplicado, omitido    hash=70394d217e388cd7aaa051a749b7afae50eed6ed2975f8218edbbca7c255cfd5 layer=bronze module_name=lakehouse.pipeline.ingestion url='https://www.gob.mx/presidencia/es/articulos/version-estenografica-conferencia-de-prensa-de-la-presidenta-claudia-sheinbaum-pardo-del-15-de-junio-de-2026?idiom=es'
2026-07-28T15:27:52.143114Z [warning  ] Artículo duplicado, omitido    hash=33c6c3a7f21f9bac9fe7e9de496bb5271f83eaae6d446ffab383ad36caa744e3 layer=bronze module_name=lakehouse.pipeline.ingestion url='https://www.gob.mx/presidencia/es/articulos/version-estenografica-inauguracion-central-de-ciclo-combinado-manzanillo-colima?idiom=es'
2026-07-28T15:27:52.660622Z [warning  ] Artículo duplicado, omitido    hash=8d8c554f3fbd759a6fd881c9f79cbbf6605172cd0e340e591809d02c58ca4a15 layer=bronze module_name=lakehouse.pipeline.ingestion url='https://www.gob.mx/presidencia/es/articulos/version-estenografica-inicio-de-obra-del-hospital-de-especialidades-imss-manzanillo-colima?idiom=es'
2026-07-28T15:27:53.025037Z [warning  ] Artículo duplicado, omitido    hash=ee8eba0c6bdb18b4dfd7e7e600e6bb54025a7b3992e768fe4d0550ad714b7126 layer=bronze module_name=lakehouse.pipeline.ingestion url='https://www.gob.mx/presidencia/es/articulos/version-estenografica-beca-rita-cetina-villa-de-alvarez-colima?idiom=es'
2026-07-28T15:27:53.459559Z [warning  ] Artículo duplicado, omitido    hash=fef16ac69409d0602e051b2f57b6aee28751724d33f1f6ea9c3bf2f0eb4ce000 layer=bronze module_name=lakehouse.pipeline.ingestion url='https://www.gob.mx/presidencia/es/articulos/version-estenografica-conferencia-de-prensa-de-la-presidenta-claudia-sheinbaum-pardo-del-12-de-junio-de-2026-428405?idiom=es'
2026-07-28T15:27:53.890003Z [warning  ] Artículo duplicado, omitido    hash=c39ae5ce21e9b65fbf855ea61e2f943ff24f614aec91413bb2efeb85b6c0b31e layer=bronze module_name=lakehouse.pipeline.ingestion url='https://www.gob.mx/presidencia/es/articulos/version-estenografica-conferencia-de-prensa-de-la-presidenta-claudia-sheinbaum-pardo-del-11-de-junio-de-2026?idiom=es'
2026-07-28T15:27:54.295528Z [warning  ] Artículo duplicado, omitido    hash=389b37994c3c0fe7dd0af6fdcbe1fdcb39a4fb3d2ca3405df2411802d397cb68 layer=bronze module_name=lakehouse.pipeline.ingestion url='https://www.gob.mx/presidencia/es/articulos/version-estenografica-derecho-de-replica-miercoles-10-de-junio-2026?idiom=es'
2026-07-28T15:27:54.757870Z [warning  ] Artículo duplicado, omitido    hash=301711885c139174c166dd488ee48f23ea259194e3788db07b7657f80ccda48b layer=bronze module_name=lakehouse.pipeline.ingestion url='https://www.gob.mx/presidencia/es/articulos/version-estenografica-conferencia-de-prensa-de-la-presidenta-claudia-sheinbaum-pardo-del-10-de-junio-de-2026?idiom=es'
2026-07-28T15:27:55.205957Z [warning  ] Artículo duplicado, omitido    hash=37469f926b1e910740570ab07dee3439ad4c8190c9b01cc40597be204bccb10e layer=bronze module_name=lakehouse.pipeline.ingestion url='https://www.gob.mx/presidencia/es/articulos/version-estenografica-conferencia-de-prensa-de-la-presidenta-claudia-sheinbaum-pardo-del-09-de-junio-de-2026?idiom=es'
2026-07-28T15:27:55.602432Z [warning  ] Artículo duplicado, omitido    hash=3aef1590f72a592a21b2edd3583cce1adf0bcbf808b996b1ca6c9869326e5277 layer=bronze module_name=lakehouse.pipeline.ingestion url='https://www.gob.mx/presidencia/es/articulos/version-estenografica-abanderamiento-de-la-seleccion-mexicana-de-futbol-ciudad-de-mexico?idiom=es'
2026-07-28T15:27:56.062709Z [warning  ] Artículo duplicado, omitido    hash=8fa2798cf78517e2554c1e5e24645f17edff9082a40ac4feb1b2ce9425340a63 layer=bronze module_name=lakehouse.pipeline.ingestion url='https://www.gob.mx/presidencia/es/articulos/version-estenografica-conferencia-de-prensa-de-la-presidenta-claudia-sheinbaum-pardo-del-08-de-junio-de-2026?idiom=es'
2026-07-28T15:27:56.461364Z [warning  ] Artículo duplicado, omitido    hash=bf01e75c17b43c87a14e4d1f0cbb7fdf5c0b3867ed31122b22d18deb29c6a51d layer=bronze module_name=lakehouse.pipeline.ingestion url='https://www.gob.mx/presidencia/es/articulos/version-estenografica-presentacion-de-olinia-zumpango-estado-de-mexico?idiom=es'
2026-07-28T15:27:56.852946Z [warning  ] Artículo duplicado, omitido    hash=93721c0b82b0652bf2711e30602d98e306fdb9c0228666761d05f2cf5d915a89 layer=bronze module_name=lakehouse.pipeline.ingestion url='https://www.gob.mx/presidencia/es/articulos/version-estenografica-nuevas-obras-contra-inundaciones-carrillo-puerto-veracruz?idiom=es'
2026-07-28T15:27:57.244257Z [warning  ] Artículo duplicado, omitido    hash=c2291166c751393ba9dd9b01e62b7f3befdd04d670e52efcd91cbb6c6184c035 layer=bronze module_name=lakehouse.pipeline.ingestion url='https://www.gob.mx/presidencia/es/articulos/version-estenografica-jovenes-construyendo-el-futuro-xalapa-veracruz?idiom=es'
2026-07-28T15:27:57.722122Z [warning  ] Artículo duplicado, omitido    hash=e308e664164cd1df6cc5aa25daae45f0c8ad58e2fe35d4bd0c54ce240ac744f6 layer=bronze module_name=lakehouse.pipeline.ingestion url='https://www.gob.mx/presidencia/es/articulos/version-estenografica-beca-rita-cetina-minatitlan-veracruz?idiom=es'
2026-07-28T15:27:58.169857Z [warning  ] Artículo duplicado, omitido    hash=88e730f4a96583253c7b53ec0cc6a5e4a1c77ff5a61ceb33063ba93164565137 layer=bronze module_name=lakehouse.pipeline.ingestion url='https://www.gob.mx/presidencia/es/articulos/version-estenografica-conferencia-de-prensa-de-la-presidenta-claudia-sheinbaum-pardo-del-05-de-junio-de-2026?idiom=es'
2026-07-28T15:27:58.609368Z [warning  ] Artículo duplicado, omitido    hash=18cd04a9798881dc192acece461e02ed8663393764ce81cecee167ebebd38b95 layer=bronze module_name=lakehouse.pipeline.ingestion url='https://www.gob.mx/presidencia/es/articulos/version-estenografica-conferencia-de-prensa-de-la-presidenta-claudia-sheinbaum-pardo-del-04-de-junio-de-2026?idiom=es'
2026-07-28T15:27:59.011934Z [warning  ] Artículo duplicado, omitido    hash=379fa5f239ea3a1cd634d9dcafb3c960b3fbec46c5db483af3e06248853548c1 layer=bronze module_name=lakehouse.pipeline.ingestion url='https://www.gob.mx/presidencia/es/articulos/version-estenografica-derecho-de-replica-palacio-nacional?idiom=es'
2026-07-28T15:27:59.455242Z [warning  ] Artículo duplicado, omitido    hash=9804b7c8184d73eb8163bf90ace74c075979c8b46ee23547e5d026a491acbabf layer=bronze module_name=lakehouse.pipeline.ingestion url='https://www.gob.mx/presidencia/es/articulos/version-estenografica-conferencia-de-prensa-de-la-presidenta-claudia-sheinbaum-pardo-del-03-de-junio-de-2026?idiom=es'
2026-07-28T15:27:59.885202Z [warning  ] Artículo duplicado, omitido    hash=c0f17dbe30ec2d4ef22c72406dc2f31ed001969aeed101c76184f05924bafb57 layer=bronze module_name=lakehouse.pipeline.ingestion url='https://www.gob.mx/presidencia/es/articulos/version-estenografica-conferencia-de-prensa-de-la-presidenta-claudia-sheinbaum-pardo-del-02-de-junio-de-2026?idiom=es'
2026-07-28T15:28:00.281989Z [warning  ] Artículo duplicado, omitido    hash=584e4ef1a2cc42732e024bc7b88a66624eae31cd4e7bde8a1bb5c7c111cb513a layer=bronze module_name=lakehouse.pipeline.ingestion url='https://www.gob.mx/presidencia/es/articulos/dia-de-la-marina-nacional-lazaro-cardenas-michoacan?idiom=es'
2026-07-28T15:28:00.738257Z [warning  ] Artículo duplicado, omitido    hash=0bd50da1900243c4c6e7db9fb85d5d537d9bf30aafcbd5387e62a539e9f5e6db layer=bronze module_name=lakehouse.pipeline.ingestion url='https://www.gob.mx/presidencia/es/articulos/version-estenografica-conferencia-de-prensa-de-la-presidenta-claudia-sheinbaum-pardo-del-01-de-junio-de-2026?idiom=es'
2026-07-28T15:28:01.274792Z [warning  ] Artículo duplicado, omitido    hash=f3fe615e50514f87e524b9e4f96d5ae0c862b5cc9e6a2ce33ba92ca9c9a22c6b layer=bronze module_name=lakehouse.pipeline.ingestion url='https://www.gob.mx/presidencia/es/articulos/version-estenografica-a-dos-anos-del-triunfo-honestidad-resultados-amor-al-pueblo-y-a-la-patria-ciudad-de-mexico?idiom=es'
2026-07-28T15:28:01.684107Z [warning  ] Artículo duplicado, omitido    hash=83554facbe8bbdfe571d68d1aa08c07cc5dd4e1cbafcaa30f63bc601f92036fd layer=bronze module_name=lakehouse.pipeline.ingestion url='https://www.gob.mx/presidencia/es/articulos/version-estenografica-inauguracion-de-obras-en-el-aeropuerto-internacional-de-la-ciudad-de-mexico?idiom=es'
2026-07-28T15:28:02.124342Z [warning  ] Artículo duplicado, omitido    hash=246e038e649c4dd3e00831f3ec75f8f29e4f527e541d62110becedaa72f9732c layer=bronze module_name=lakehouse.pipeline.ingestion url='https://www.gob.mx/presidencia/es/articulos/version-estenografica-faispiam-presupuesto-directo-para-pueblos-indigenas-y-afromexicanos-almoloya-estado-de-mexico?idiom=es'
2026-07-28T15:28:02.521825Z [warning  ] Artículo duplicado, omitido    hash=03f60029bf65cd220a87e83e78ffcc6f86f420f985eea9e7d9548e6593356ff0 layer=bronze module_name=lakehouse.pipeline.ingestion url='https://www.gob.mx/presidencia/es/articulos/version-estenografica-plan-nacional-de-maiz-nativo-jocotitlan-estado-de-mexico?idiom=es'
2026-07-28T15:28:02.875281Z [warning  ] Artículo duplicado, omitido    hash=f0f25763d756c59d5c6430c06f8cad75ec57d1f7da8822a350903242338eea33 layer=bronze module_name=lakehouse.pipeline.ingestion url='https://www.gob.mx/presidencia/es/articulos/version-estenografica-beca-rita-cetina-lerma-estado-de-mexico?idiom=es'
2026-07-28T15:28:03.381820Z [warning  ] Artículo duplicado, omitido    hash=fc5af9a39e396df73e8a5b24d5c37a9d232b701bcf50071ce8d636103ffad167 layer=bronze module_name=lakehouse.pipeline.ingestion url='https://www.gob.mx/presidencia/es/articulos/version-estenografica-paquete-contra-la-inflacion-y-la-carestia-palacio-nacional?idiom=es'
2026-07-28T15:28:03.798980Z [warning  ] Artículo duplicado, omitido    hash=d64e1d494f94721846baad92b7ab2b2b475e7aef591a405e0db7295393512412 layer=bronze module_name=lakehouse.pipeline.ingestion url='https://www.gob.mx/presidencia/es/articulos/version-estenografica-conferencia-de-prensa-de-la-presidenta-claudia-sheinbaum-pardo-del-29-de-mayo-de-2026?idiom=es'
2026-07-28T15:28:04.234033Z [warning  ] Artículo duplicado, omitido    hash=108eb52b4387b33f1ca6838e075046a1d8ff885830c17c6f95796a3757999b8b layer=bronze module_name=lakehouse.pipeline.ingestion url='https://www.gob.mx/presidencia/es/articulos/version-estenografica-conferencia-de-prensa-de-la-presidenta-claudia-sheinbaum-pardo-del-28-de-mayo-de-2026?idiom=es'
2026-07-28T15:28:04.718355Z [warning  ] Artículo duplicado, omitido    hash=694d9089a72ac89a6420ae717643702b455ad72893800b02959ab34e6ec27331 layer=bronze module_name=lakehouse.pipeline.ingestion url='https://www.gob.mx/presidencia/es/articulos/version-estenografica-conferencia-de-prensa-de-la-presidenta-claudia-sheinbaum-pardo-del-27-de-mayo-de-2026?idiom=es'
2026-07-28T15:28:05.166232Z [warning  ] Artículo duplicado, omitido    hash=9d503eef53d40f094b9852b46be329810345aa6e466e23fb37f518506e865a0b layer=bronze module_name=lakehouse.pipeline.ingestion url='https://www.gob.mx/presidencia/es/articulos/version-estenografica-conferencia-de-prensa-de-la-presidenta-claudia-sheinbaum-pardo-del-26-de-mayo-de-2026?idiom=es'
2026-07-28T15:28:05.596725Z [warning  ] Artículo duplicado, omitido    hash=573cd344bce231a591828500a3bc1377782f7edaa73520f61ddb06a325ab6546 layer=bronze module_name=lakehouse.pipeline.ingestion url='https://www.gob.mx/presidencia/es/articulos/version-estenografica-conferencia-de-prensa-de-la-presidenta-claudia-sheinbaum-pardo-del-25-de-mayo-de-2026?idiom=es'
2026-07-28T15:28:06.008744Z [warning  ] Artículo duplicado, omitido    hash=baa8c39a906c2a13d83ee4963edee1cd68b1fab2d6cc0b6d54e59a5b74f66607 layer=bronze module_name=lakehouse.pipeline.ingestion url='https://www.gob.mx/presidencia/es/articulos/version-estenografica-426724?idiom=es'
2026-07-28T15:28:06.358992Z [warning  ] Artículo duplicado, omitido    hash=a7c01b5080d8d2422385a4d7ee32dc6e0ef9cc3b157d583764f4864130171ff1 layer=bronze module_name=lakehouse.pipeline.ingestion url='https://www.gob.mx/presidencia/es/articulos/version-estenografica-beca-rita-cetina-cunduacan-tabasco?idiom=es'
2026-07-28T15:28:06.813177Z [warning  ] Artículo duplicado, omitido    hash=46a238004e4c6ea1d27491ee8bf68bb215ef6277358e2bc9a45b405d0af6717e layer=bronze module_name=lakehouse.pipeline.ingestion url='https://www.gob.mx/presidencia/es/articulos/version-estenografica-alimentacion-para-el-bienestar-comalcalco-tabasco?idiom=es'
2026-07-28T15:28:07.235583Z [warning  ] Artículo duplicado, omitido    hash=e27c101665c7e440171bfdc60b8a7ec8bdb6d0f001bec4a747f7b0595bbd3a94 layer=bronze module_name=lakehouse.pipeline.ingestion url='https://www.gob.mx/presidencia/es/articulos/version-estenografica-inauguracion-del-hospital-general-imss-bienestar-jiutepec-morelos?idiom=es'
2026-07-28T15:28:07.634037Z [warning  ] Artículo duplicado, omitido    hash=64e4152ad0aa32895848b868579499cdc7acaf996b2f4b3403c66f4332f63e72 layer=bronze module_name=lakehouse.pipeline.ingestion url='https://www.gob.mx/presidencia/es/articulos/version-estenografica-conferencia-de-prensa-mexico-union-europea-palacio-nacional?idiom=es'
2026-07-28T15:28:08.032388Z [warning  ] Artículo duplicado, omitido    hash=b5fd97042ce673c13d36d889321ef75eb4cebb89e5770297fc1b3f9d4a596b28 layer=bronze module_name=lakehouse.pipeline.ingestion url='https://www.gob.mx/presidencia/es/articulos/version-estenografica-conferencia-de-prensa-de-la-presidenta-claudia-sheinbaum-pardo-del-22-de-mayo-de-2026?idiom=es'
2026-07-28T15:28:08.463934Z [warning  ] Artículo duplicado, omitido    hash=dbd040a4455338168c33f7ec71c9d8ace53695b7a3b58f2545f527632fc3642d layer=bronze module_name=lakehouse.pipeline.ingestion url='https://www.gob.mx/presidencia/es/articulos/version-estenografica-conferencia-de-prensa-de-la-presidenta-claudia-sheinbaum-pardo-del-21-de-mayo-de-2026?idiom=es'
2026-07-28T15:28:08.919491Z [warning  ] Artículo duplicado, omitido    hash=a96b1a83758dd0e06f14284a9bcb7bbbaefc2322d3b4bda72193f1947cdd6785 layer=bronze module_name=lakehouse.pipeline.ingestion url='https://www.gob.mx/presidencia/es/articulos/version-estenografica-sistema-de-ordenamiento-para-el-maiz-blanco-ciudad-de-mexico?idiom=es'
2026-07-28T15:28:09.348915Z [warning  ] Artículo duplicado, omitido    hash=15de2e59b67d74c0aca85306b7dbaf7360b3dce909073398c8d7d7ade2f12e55 layer=bronze module_name=lakehouse.pipeline.ingestion url='https://www.gob.mx/presidencia/es/articulos/version-estenografica-conferencia-de-prensa-de-la-presidenta-claudia-sheinbaum-pardo-del-20-de-mayo-de-2026?idiom=es'
2026-07-28T15:28:09.751367Z [warning  ] Artículo duplicado, omitido    hash=43bac4b995de00eaac1d8a92630eed6a501c696d396e6f9a525702da677d6707 layer=bronze module_name=lakehouse.pipeline.ingestion url='https://www.gob.mx/presidencia/es/articulos/version-estenografica-nuevo-proyecto-de-general-motors-mexico-toluca-estado-de-mexico?idiom=es'
2026-07-28T15:28:10.198544Z [warning  ] Artículo duplicado, omitido    hash=c52fd75fe1301d3bbd6b46abc2c72399f20b1453d8e95db747554c6ded8a0462 layer=bronze module_name=lakehouse.pipeline.ingestion url='https://www.gob.mx/presidencia/es/articulos/version-estenografica-conferencia-de-prensa-de-la-presidenta-claudia-sheinbaum-pardo-del-19-de-mayo-de-2026?idiom=es'
2026-07-28T15:28:10.704836Z [warning  ] Artículo duplicado, omitido    hash=3534ae5a6d03487e327f4bbfa1a460bfaba51cd0a8b94f45ac4520e214d692d9 layer=bronze module_name=lakehouse.pipeline.ingestion url='https://www.gob.mx/presidencia/es/articulos/version-estenografica-conferencia-de-prensa-de-la-presidenta-claudia-sheinbaum-pardo-del-18-de-mayo-de-2026?idiom=es'
2026-07-28T15:28:11.247083Z [warning  ] Artículo duplicado, omitido    hash=364a08ed87302a72e8814c816991d6f620811c90f328fb4705742fabfc856de8 layer=bronze module_name=lakehouse.pipeline.ingestion url='https://www.gob.mx/presidencia/es/articulos/version-estenografica-inauguracion-del-hospital-general-dr-agustin-o-horan-imss-bienestar-merida-yucatan?idiom=es'
2026-07-28T15:28:11.775148Z [warning  ] Artículo duplicado, omitido    hash=a5388707b473677e2b56d12bb34bbc89eced203a98ef6231d8d71dae32370dcf layer=bronze module_name=lakehouse.pipeline.ingestion url='https://www.gob.mx/presidencia/es/articulos/version-estenografica-inauguracion-del-hospital-general-naval-de-yucalpeten-progreso-yucatan?idiom=es'
2026-07-28T15:28:12.193218Z [warning  ] Artículo duplicado, omitido    hash=566e12f38c480091096b906137220050bf815c376493b431fddd51e272f06a7d layer=bronze module_name=lakehouse.pipeline.ingestion url='https://www.gob.mx/presidencia/es/articulos/version-estenografica-inauguracion-de-la-universidad-nacional-rosario-castellanos-kanasin-yucatan?idiom=es'
2026-07-28T15:28:12.549638Z [warning  ] Artículo duplicado, omitido    hash=a784a2cf66545c8fcf33062ced35f51fcdc18d718f69ca3ae1ea12294e70a130 layer=bronze module_name=lakehouse.pipeline.ingestion url='https://www.gob.mx/presidencia/es/articulos/plan-campeche-presidenta-claudia-sheinbaum-inaugura-planta-pasteurizadora-de-leche-en-beneficio-de-200-mil-personas-del-sureste-mexicano?idiom=es'
2026-07-28T15:28:12.962462Z [warning  ] Artículo duplicado, omitido    hash=88e9751445798893b15a5a99cf31df813bbf45d814bee87ac6a8dd60de336bf9 layer=bronze module_name=lakehouse.pipeline.ingestion url='https://www.gob.mx/presidencia/es/articulos/plan-campeche-inauguracion-pasteurizadora-de-leche-campeche?idiom=es'
2026-07-28T15:28:13.378488Z [warning  ] Artículo duplicado, omitido    hash=193107f920873a7b112eba5ff26e0ee66594e6dea70753bc3cabac374157d160 layer=bronze module_name=lakehouse.pipeline.ingestion url='https://www.gob.mx/presidencia/es/articulos/version-estenografica-dia-de-la-maestra-y-el-maestro-ciudad-de-mexico?idiom=es'
2026-07-28T15:28:13.786912Z [warning  ] Artículo duplicado, omitido    hash=eac0dee27139064e2aa1f69383cd48a56d49127936f3711e0eba2e6fef5a307d layer=bronze module_name=lakehouse.pipeline.ingestion url='https://www.gob.mx/presidencia/es/articulos/version-estenografica-conferencia-de-prensa-de-la-presidenta-claudia-sheinbaum-pardo-del-15-de-mayo-de-2026?idiom=es'
2026-07-28T15:28:14.206852Z [warning  ] Artículo duplicado, omitido    hash=07204b47dd43edfc6a56ad219efcc9424729a92b826d9352c2f1b32b29d6eee6 layer=bronze module_name=lakehouse.pipeline.ingestion url='https://www.gob.mx/presidencia/es/articulos/version-estenografica-conferencia-de-prensa-de-la-presidenta-claudia-sheinbaum-pardo-del-14-de-mayo-de-2026?idiom=es'
2026-07-28T15:28:14.640618Z [warning  ] Artículo duplicado, omitido    hash=bb60a033daedf7f7e01cee1a3323ce27d5475ec53b048cc2b4c431c28c79b086 layer=bronze module_name=lakehouse.pipeline.ingestion url='https://www.gob.mx/presidencia/es/articulos/version-estenografica-conferencia-de-prensa-de-la-presidenta-claudia-sheinbaum-pardo-del-13-de-mayo-de-2026?idiom=es'
2026-07-28T15:28:15.084351Z [warning  ] Artículo duplicado, omitido    hash=8fb8e240bb1bfff8aaabe846918c67534b5c39cf81917e8be7663ee787bb1fb4 layer=bronze module_name=lakehouse.pipeline.ingestion url='https://www.gob.mx/presidencia/es/articulos/version-estenografica-conferencia-de-prensa-de-la-presidenta-claudia-sheinbaum-pardo-del-12-de-mayo-de-2026?idiom=es'
2026-07-28T15:28:15.517622Z [warning  ] Artículo duplicado, omitido    hash=a22e65adf495fd842afee670c46bf8002f4f44493bc9a9617a6d8de90b8b82eb layer=bronze module_name=lakehouse.pipeline.ingestion url='https://www.gob.mx/presidencia/es/articulos/version-estenografica-106-aniversario-de-la-columna-de-la-legalidad-ciudad-de-mexico?idiom=es'
2026-07-28T15:28:15.940408Z [warning  ] Artículo duplicado, omitido    hash=e291952555a4e2d02056d17c74f63f079f9f0a5b364b6dc67553ef0cbfbc76b1 layer=bronze module_name=lakehouse.pipeline.ingestion url='https://www.gob.mx/presidencia/es/articulos/version-estenografica-conferencia-de-prensa-de-la-presidenta-claudia-sheinbaum-pardo-del-11-de-mayo-de-2026?idiom=es'
2026-07-28T15:28:16.356169Z [warning  ] Artículo duplicado, omitido    hash=d0751c0dfb511a6edf8ebdf78a3f41719e3d1a9eec9763bfb50ca2f6efb3f379 layer=bronze module_name=lakehouse.pipeline.ingestion url='https://www.gob.mx/presidencia/es/articulos/version-estenografica-pension-mujeres-bienestar-cajeme-sonora?idiom=es'
2026-07-28T15:28:16.746590Z [warning  ] Artículo duplicado, omitido    hash=3405d96807c16d7e27af3092ce393070c30e1c0886f728ff7e70c5925b55e5ad layer=bronze module_name=lakehouse.pipeline.ingestion url='https://www.gob.mx/presidencia/es/articulos/version-estenografica-modernizacion-del-canal-principal-de-navojoa-sonora?idiom=es'
2026-07-28T15:28:17.140740Z [warning  ] Artículo duplicado, omitido    hash=4de99bda9558a957e69b457e3adf1fe63fde8b15e483db139084148f9645822d layer=bronze module_name=lakehouse.pipeline.ingestion url='https://www.gob.mx/presidencia/es/articulos/version-estenografica-plan-de-justicia-para-el-pueblo-yaqui-san-ignacio-rio-muerto-sonora?idiom=es'
2026-07-28T15:28:17.549301Z [warning  ] Artículo duplicado, omitido    hash=8e4b82283f82da4a8cecda41012a9e85a691e5be958a30ef4285535ac091e03a layer=bronze module_name=lakehouse.pipeline.ingestion url='https://www.gob.mx/presidencia/es/articulos/version-estenografica-plan-de-justicia-para-el-pueblo-seri-comca-ac-hermosillo-sonora?idiom=es'
2026-07-28T15:28:18.002416Z [warning  ] Artículo duplicado, omitido    hash=4f4eb15bf6f420e6e7df43cf16cf4c4a7ca8febcd8541fbc5ae346cf1ffddc14 layer=bronze module_name=lakehouse.pipeline.ingestion url='https://www.gob.mx/presidencia/es/articulos/version-estenografica-conferencia-de-prensa-de-la-presidenta-claudia-sheinbaum-pardo-del-08-de-mayo-de-2026?idiom=es'
2026-07-28T15:28:18.614388Z [warning  ] Artículo duplicado, omitido    hash=1d7f85e1744b9038745fd37ea06ea148a139974bbbae16461a7cd94cf4692a87 layer=bronze module_name=lakehouse.pipeline.ingestion url='https://www.gob.mx/presidencia/es/articulos/version-estenografica-conferencia-de-prensa-de-la-presidenta-claudia-sheinbaum-pardo-del-07-de-mayo-de-2026?idiom=es'
2026-07-28T15:28:19.040866Z [warning  ] Artículo duplicado, omitido    hash=87c164e66e6ff0ac889955bac3f7dad3679218d92498862ce16dc58802d78c02 layer=bronze module_name=lakehouse.pipeline.ingestion url='https://www.gob.mx/presidencia/es/articulos/version-estenografica-conferencia-de-prensa-de-la-presidenta-claudia-sheinbaum-pardo-del-06-de-mayo-de-2026?idiom=es'
2026-07-28T15:28:19.531972Z [warning  ] Artículo duplicado, omitido    hash=99629103b6b3bf56bb044b3b9779420d159a695ab6b188b7200e3175931a11fd layer=bronze module_name=lakehouse.pipeline.ingestion url='https://www.gob.mx/presidencia/es/articulos/version-estenografica-164-aniversario-de-la-batalla-de-puebla?idiom=es'
2026-07-28T15:28:19.931843Z [warning  ] Artículo duplicado, omitido    hash=0437cb20c58a8d6e4e6a4b3e9f58c90c55d35a64fbb9bfc7cd08245600c316bc layer=bronze module_name=lakehouse.pipeline.ingestion url='https://www.gob.mx/presidencia/es/articulos/version-estenografica-plan-mexico-fortalece-inversiones-ciudad-de-mexico?idiom=es'
2026-07-28T15:28:20.361141Z [warning  ] Artículo duplicado, omitido    hash=5be813ee0d94eabfa2ae115a86f8947cf6b6e42b9f04bb5041f5a59616c14371 layer=bronze module_name=lakehouse.pipeline.ingestion url='https://www.gob.mx/presidencia/es/articulos/version-estenografica-conferencia-de-prensa-de-la-presidenta-claudia-sheinbaum-pardo-del-04-de-mayo-de-2026?idiom=es'
2026-07-28T15:28:20.807237Z [warning  ] Artículo duplicado, omitido    hash=ac239b4ca7faa0d1685e97e85c7cb01bc72e715920fd299861e6950e0b811108 layer=bronze module_name=lakehouse.pipeline.ingestion url='https://www.gob.mx/presidencia/es/articulos/version-estenografica-plan-de-justicia-para-atenco-estado-de-mexico?idiom=es'
2026-07-28T15:28:21.171985Z [warning  ] Artículo duplicado, omitido    hash=211e45d394ea62c91edc7345dd3049dfc2d30f161a408bef36c8618adc1e458e layer=bronze module_name=lakehouse.pipeline.ingestion url='https://www.gob.mx/presidencia/es/articulos/version-estenografica-inauguracion-del-puente-vehicular-nichupte-cancun-quintana-roo?idiom=es'
2026-07-28T15:28:21.641373Z [warning  ] Artículo duplicado, omitido    hash=2615dadd0a50d905256a2e7f8dfeb1cf7e4ac6bce9d3dcb5c66586eda5d6ef1e layer=bronze module_name=lakehouse.pipeline.ingestion url='https://www.gob.mx/presidencia/es/articulos/version-estenografica-beca-gertrudis-bocanegra-palenque-chiapas?idiom=es'
2026-07-28T15:28:22.044638Z [warning  ] Artículo duplicado, omitido    hash=e6144f8f66ed67b8860a61c0236a84bd4e9160027f09e27e52ab6521e8e6b10d layer=bronze module_name=lakehouse.pipeline.ingestion url='https://www.gob.mx/presidencia/es/articulos/version-estenografica-inauguracion-del-ecoparque-la-ceiba-palenque-chiapas?idiom=es'
2026-07-28T15:28:22.628000Z [warning  ] Artículo duplicado, omitido    hash=61c07d6cc87eaa255be1c366d870aaed748a3bcc3ac0fff27d673ae200bed1c4 layer=bronze module_name=lakehouse.pipeline.ingestion url='https://www.gob.mx/presidencia/es/articulos/version-estenografica-conferencia-de-prensa-de-la-presidenta-claudia-sheinbaum-pardo-del-01-de-mayo-de-2026?idiom=es'
2026-07-28T15:28:22.984961Z [warning  ] Artículo duplicado, omitido    hash=3437cf9991c708186fe3292aceb0a82a8fe6ae1a16df72a23ce3f7a33a08b55e layer=bronze module_name=lakehouse.pipeline.ingestion url='https://www.gob.mx/presidencia/es/articulos/version-estenografica-beca-rita-cetina-en-primarias-publicas-nezahualcoyotl-estado-de-mexico?idiom=es'
2026-07-28T15:28:23.421604Z [warning  ] Artículo duplicado, omitido    hash=13605aa40bd2046da1cfc810cdf27c3e93659143a2dd464d92e45ab3b13d6f7d layer=bronze module_name=lakehouse.pipeline.ingestion url='https://www.gob.mx/presidencia/es/articulos/version-estenografica-conferencia-de-prensa-de-la-presidenta-claudia-sheinbaum-pardo-del-30-de-abril-de-2026?idiom=es'
2026-07-28T15:28:23.953056Z [warning  ] Artículo duplicado, omitido    hash=4f2f7166a19061c326fa264bec874d393da9affc842fade5aee11e5170395ef1 layer=bronze module_name=lakehouse.pipeline.ingestion url='https://www.gob.mx/presidencia/es/articulos/version-estenografica-conferencia-de-prensa-de-la-presidenta-claudia-sheinbaum-pardo-del-29-de-abril-de-2026?idiom=es'
2026-07-28T15:28:24.283284Z [warning  ] Artículo duplicado, omitido    hash=e95d3ba464342c578adf77d91cbd42f800057b002a33ce2e102565239a6e1322 layer=bronze module_name=lakehouse.pipeline.ingestion url='https://www.gob.mx/presidencia/es/articulos/version-estenografica-mensaje-de-la-presidenta-de-mexico-claudia-sheinbaum-pardo-en-palacio-nacional-424783?idiom=es'
2026-07-28T15:28:24.742914Z [warning  ] Artículo duplicado, omitido    hash=7bb549b2b94ab164351f2ccaecb22f1c01fafd71290c83a04286a43a54724913 layer=bronze module_name=lakehouse.pipeline.ingestion url='https://www.gob.mx/presidencia/es/articulos/version-estenografica-conferencia-de-prensa-de-la-presidenta-claudia-sheinbaum-pardo-del-28-de-abril-de-2026?idiom=es'
2026-07-28T15:28:25.152233Z [warning  ] Artículo duplicado, omitido    hash=34a92246bd6c6c233727279426be6293c50aa5a83cb021a104fdd47712d9bb9a layer=bronze module_name=lakehouse.pipeline.ingestion url='https://www.gob.mx/presidencia/es/articulos/version-estenografica-conferencia-de-prensa-de-la-presidenta-claudia-sheinbaum-pardo-del-27-de-abril-de-2026?idiom=es'
2026-07-28T15:28:25.551550Z [warning  ] Artículo duplicado, omitido    hash=71f00b6e37e77af4eeb31f69522c17f064258542be7603e59092afc16c2cfc20 layer=bronze module_name=lakehouse.pipeline.ingestion url='https://www.gob.mx/presidencia/es/articulos/version-estenografica-inauguracion-del-tren-felipe-angeles-buenavista-aifa-ciudad-de-mexico-424578?idiom=es'
2026-07-28T15:28:25.931195Z [warning  ] Artículo duplicado, omitido    hash=caa707918f3ac0d17870a8abc98057974fd845d07995a09d50938e6eb4af6d73 layer=bronze module_name=lakehouse.pipeline.ingestion url='https://www.gob.mx/presidencia/es/articulos/version-estenografica-programas-para-el-bienestar-acaxochitlan-hidalgo?idiom=es'
2026-07-28T15:28:26.358828Z [warning  ] Artículo duplicado, omitido    hash=1b99985ad54c8ed265917c6a5fc730a30050a71f064ffcd7febdf4746ea067d8 layer=bronze module_name=lakehouse.pipeline.ingestion url='https://www.gob.mx/presidencia/es/articulos/version-estenografica-atencion-a-damnificados-por-lluvias-tenango-hidalgo?idiom=es'
2026-07-28T15:28:26.856518Z [warning  ] Artículo duplicado, omitido    hash=15247580175b4071cdfba3c61cea21b191beeca722e689caafc06c9984804ede layer=bronze module_name=lakehouse.pipeline.ingestion url='https://www.gob.mx/presidencia/es/articulos/version-estenografica-programas-para-el-bienestar-singuilucan-hidalgo?idiom=es'
2026-07-28T15:28:27.216332Z [warning  ] Artículo duplicado, omitido    hash=14720633e1d596ac9a3d96969416c2920adf16efbd4c563fc3ee4ed5731cae59 layer=bronze module_name=lakehouse.pipeline.ingestion url='https://www.gob.mx/presidencia/es/articulos/version-estenografica-supervision-de-obra-del-tren-ciudad-de-mexico-pachuca-tezontepec-hidalgo?idiom=es'
2026-07-28T15:28:27.793659Z [warning  ] Artículo duplicado, omitido    hash=679ef9e380585200ecbdba71f2a92f1e5a2c8fec5872b59c7cdc249ead9c11d8 layer=bronze module_name=lakehouse.pipeline.ingestion url='https://www.gob.mx/presidencia/es/articulos/version-estenografica-conferencia-de-prensa-de-la-presidenta-claudia-sheinbaum-pardo-del-24-de-abril-de-2026?idiom=es'
2026-07-28T15:28:28.218149Z [warning  ] Artículo duplicado, omitido    hash=f3be3e2d1b8661f2f9589118047d73175e1476276f08d3bd7d939a55ae53b049 layer=bronze module_name=lakehouse.pipeline.ingestion url='https://www.gob.mx/presidencia/es/articulos/version-estenografica-conferencia-de-prensa-de-la-presidenta-claudia-sheinbaum-pardo-del-23-de-abril-de-2026?idiom=es'
2026-07-28T15:28:28.728256Z [warning  ] Artículo duplicado, omitido    hash=6814e6f966a704bb5cdd4ee5443a690f725c3401d7ff97439268fadfa26db0a5 layer=bronze module_name=lakehouse.pipeline.ingestion url='https://www.gob.mx/presidencia/es/articulos/version-estenografica-conferencia-de-prensa-de-la-presidenta-claudia-sheinbaum-pardo-del-22-de-abril-de-2026?idiom=es'
2026-07-28T15:28:29.148790Z [warning  ] Artículo duplicado, omitido    hash=01aa793d39adad46cf7c4bc5129a4985e697cabf4f682206c63fc74e86ce8c29 layer=bronze module_name=lakehouse.pipeline.ingestion url='https://www.gob.mx/presidencia/es/articulos/version-estenografica-112-aniversario-de-la-defensa-del-puerto-de-veracruz?idiom=es'
2026-07-28T15:28:29.634031Z [warning  ] Artículo duplicado, omitido    hash=71b1c365fa5af7b3919dd809e985467d13febb053aaa718967494c1e74386175 layer=bronze module_name=lakehouse.pipeline.ingestion url='https://www.gob.mx/presidencia/es/articulos/version-estenografica-conferencia-de-prensa-de-la-presidenta-claudia-sheinbaum-pardo-del-21-de-abril-de-2026?idiom=es'
2026-07-28T15:28:30.098571Z [warning  ] Artículo duplicado, omitido    hash=111ee344bd231c40348ffd9c18991efcb0312bf88219bbca305b513e0b33864e layer=bronze module_name=lakehouse.pipeline.ingestion url='https://www.gob.mx/presidencia/es/articulos/version-estenografica-conferencia-de-prensa-de-la-presidenta-claudia-sheinbaum-pardo-del-20-de-abril-de-2026?idiom=es'
2026-07-28T15:28:30.447244Z [warning  ] Artículo duplicado, omitido    hash=c4b9dea5f2adf8f75352df235b7db025ff006d64169597b3bde29050f5775b0f layer=bronze module_name=lakehouse.pipeline.ingestion url='https://www.gob.mx/presidencia/es/articulos/version-estenografica-visita-de-al-centro-nacional-de-supercomputacion-de-barcelona?idiom=es'
2026-07-28T15:28:30.797745Z [warning  ] Artículo duplicado, omitido    hash=c679679202900afe1e17f3e249daf4093ed595ef7509f70f3d51ce0df2d02978 layer=bronze module_name=lakehouse.pipeline.ingestion url='https://www.gob.mx/presidencia/es/articulos/version-estenografica-mensaje-de-la-presidenta-de-mexico-claudia-sheinbaum-pardo-en-la-iv-cumbre-en-defensa-de-la-democracia?idiom=es'
2026-07-28T15:28:31.140400Z [warning  ] Artículo duplicado, omitido    hash=c285df6f46742ce61b1f330b8179e71dc910dbc400394f6480ac5eef695f6117 layer=bronze module_name=lakehouse.pipeline.ingestion url='https://www.gob.mx/presidencia/es/articulos/version-estenografica-mensaje-a-medios-previo-a-iv-cumbre-en-defensa-de-la-democracia?idiom=es'
2026-07-28T15:28:31.546317Z [warning  ] Artículo duplicado, omitido    hash=c4e95684ed45e59bdc56f2a476e2f33b70d5f0188ceba3014bbffa2bba970157 layer=bronze module_name=lakehouse.pipeline.ingestion url='https://www.gob.mx/presidencia/es/articulos/version-estenografica-conferencia-de-prensa-matutina-del-17-de-abril-de-2026?idiom=es'
2026-07-28T15:28:31.896300Z [warning  ] Artículo duplicado, omitido    hash=d203206e5f8c0f812b89e6c167801a1f2665e35b5baf65f3405bc7c342bbf402 layer=bronze module_name=lakehouse.pipeline.ingestion url='https://www.gob.mx/presidencia/es/articulos/version-estenografica-reunion-con-productores-y-comercializadores-para-garantizar-el-pacic-en-palacio-nacional?idiom=es'
2026-07-28T15:28:32.367671Z [warning  ] Artículo duplicado, omitido    hash=89877a3d1d1815aa34fcf80c40d05c3f94015d1e75af7eedf69883c9db307ee8 layer=bronze module_name=lakehouse.pipeline.ingestion url='https://www.gob.mx/presidencia/es/articulos/version-estenografica-conferencia-de-prensa-de-la-presidenta-claudia-sheinbaum-pardo-del-16-de-abril-de-2026?idiom=es'
2026-07-28T15:28:32.802605Z [warning  ] Artículo duplicado, omitido    hash=29a274eba9445dbe8859cb9e32a83a28bf6f97d5907e35df7dd26ee5ecc364bd layer=bronze module_name=lakehouse.pipeline.ingestion url='https://www.gob.mx/presidencia/es/articulos/version-estenografica-conferencia-de-prensa-de-la-presidenta-claudia-sheinbaum-pardo-del-15-de-abril-de-2026?idiom=es'
2026-07-28T15:28:33.305692Z [warning  ] Artículo duplicado, omitido    hash=c9173a51a8f4eccf456ff8bae736b859ded1ce02c841e8926a63048ace935b12 layer=bronze module_name=lakehouse.pipeline.ingestion url='https://www.gob.mx/presidencia/es/articulos/version-estenografica-conferencia-de-prensa-de-la-presidenta-claudia-sheinbaum-pardo-del-14-de-abril-de-2026?idiom=es'
2026-07-28T15:28:33.808969Z [warning  ] Artículo duplicado, omitido    hash=f5a2c9331afa304fc6ade3cf0ec6ea7d2f385203f41582244a043a7a0df02ab9 layer=bronze module_name=lakehouse.pipeline.ingestion url='https://www.gob.mx/presidencia/es/articulos/version-estenografica-conferencia-de-prensa-de-la-presidenta-claudia-sheinbaum-pardo-del-13-de-abril-de-2026?idiom=es'
2026-07-28T15:28:34.239225Z [warning  ] Artículo duplicado, omitido    hash=246a260dc56531a1954404e3effbf8e7b128e8986b5ca8bf96bc0efacd0730c4 layer=bronze module_name=lakehouse.pipeline.ingestion url='https://www.gob.mx/presidencia/es/articulos/version-estenografica-inauguracion-del-polo-de-desarrollo-economico-para-el-bienestar-podecobi-huamantla?idiom=es'
2026-07-28T15:28:34.631560Z [warning  ] Artículo duplicado, omitido    hash=8aa0cc11e2c2f0b69db699b67a558a25e72d825b4f2b46a20fe43c2fc778f1e2 layer=bronze module_name=lakehouse.pipeline.ingestion url='https://www.gob.mx/presidencia/es/articulos/version-estenografica-vivienda-para-el-bienestar-san-jose-chiapa-puebla?idiom=es'
2026-07-28T15:28:35.022542Z [warning  ] Artículo duplicado, omitido    hash=c17d5fb4e7421ff282e7b2df10fec3ec2a6a3ed8a090b0a1f080788230bec2d4 layer=bronze module_name=lakehouse.pipeline.ingestion url='https://www.gob.mx/presidencia/es/articulos/version-estenografica-vivienda-para-el-bienestar-emiliano-zapata-morelos?idiom=es'
2026-07-28T15:28:35.398600Z [warning  ] Artículo duplicado, omitido    hash=324451bc15d52bd0e79c55004ce3952679ff4297c44903838d3b0655cba62111 layer=bronze module_name=lakehouse.pipeline.ingestion url='https://www.gob.mx/presidencia/es/articulos/version-estenografica-107-aniversario-luctuoso-de-emiliano-zapata-ayala-morelos?idiom=es'
2026-07-28T15:28:35.874338Z [warning  ] Artículo duplicado, omitido    hash=1ea3e9ce39e792d64890c04941c02bf9883e9c1a830b7dfd606556f885bc10f0 layer=bronze module_name=lakehouse.pipeline.ingestion url='https://www.gob.mx/presidencia/es/articulos/version-estenografica-inauguracion-del-museo-de-las-mujeres-zapatistas-ayala-morelos?idiom=es'
2026-07-28T15:28:36.310557Z [warning  ] Artículo duplicado, omitido    hash=cf343e5704f4c68d713292a6bbf0669be669ae4f79369953bf6b91f5d6c74397 layer=bronze module_name=lakehouse.pipeline.ingestion url='https://www.gob.mx/presidencia/es/articulos/version-estenografica-conferencia-de-prensa-de-la-presidenta-claudia-sheinbaum-pardo-del-10-de-abril-de-2026?idiom=es'
2026-07-28T15:28:36.754706Z [warning  ] Artículo duplicado, omitido    hash=ad4085150b9ebb3b194c61aca8beed4e8d63abf89ed84d1c8edcb498c5f05408 layer=bronze module_name=lakehouse.pipeline.ingestion url='https://www.gob.mx/presidencia/es/articulos/version-estenografica-conferencia-de-prensa-de-la-presidenta-claudia-sheinbaum-pardo-del-09-de-abril-de-2026?idiom=es'
2026-07-28T15:28:37.234703Z [warning  ] Artículo duplicado, omitido    hash=e26c05343554ad099e9333b8d016966bb12267b36c7c51f4cdac75d38c59680e layer=bronze module_name=lakehouse.pipeline.ingestion url='https://www.gob.mx/presidencia/es/articulos/version-estenografica-conferencia-de-prensa-de-la-presidenta-claudia-sheinbaum-pardo-del-08-de-abril-de-2026?idiom=es'
2026-07-28T15:28:37.739108Z [warning  ] Artículo duplicado, omitido    hash=cb48b7f74711943e18ea6eddc4e0ec64722f8d3f2d5ab9af66b80f5058923b3f layer=bronze module_name=lakehouse.pipeline.ingestion url='https://www.gob.mx/presidencia/es/articulos/version-estenografica-conferencia-de-prensa-de-la-presidenta-claudia-sheinbaum-pardo-del-07-de-abril-de-2026?idiom=es'
2026-07-28T15:28:38.153489Z [warning  ] Artículo duplicado, omitido    hash=ca448132f858d8f2d8ad6ee6a06ca75a361fa02616565805f574e1a7db5821c5 layer=bronze module_name=lakehouse.pipeline.ingestion url='https://www.gob.mx/presidencia/es/articulos/version-estenografica-conferencia-de-prensa-de-la-presidenta-claudia-sheinbaum-pardo-del-06-de-abril-de-2026?idiom=es'
2026-07-28T15:28:38.502407Z [warning  ] Artículo duplicado, omitido    hash=81a984e7c627ea0a5d22c038069f058f3c81dcb76d940c25ffbbe2b9da894fc0 layer=bronze module_name=lakehouse.pipeline.ingestion url='https://www.gob.mx/presidencia/es/articulos/miercoles-de-vivienda-para-el-bienestar-en-3-meses-presidenta-ha-entregado-mas-de-mil-viviendas-la-meta-sexenal-es-de-1-8-millones?idiom=es'
2026-07-28T15:28:38.906740Z [warning  ] Artículo duplicado, omitido    hash=5309f3998e990249b138f807793b725f867bf87b8e5c81b79f1b09405fa9b995 layer=bronze module_name=lakehouse.pipeline.ingestion url='https://www.gob.mx/presidencia/es/articulos/version-estenografica-conferencia-de-prensa-de-la-presidenta-claudia-sheinbaum-pardo-del-01-de-abril-de-2026?idiom=es'
2026-07-28T15:28:39.341854Z [warning  ] Artículo duplicado, omitido    hash=6e2703ad50de5b580f30664b04b0cdd2fc81b1c09d1263a448eec537e43aec73 layer=bronze module_name=lakehouse.pipeline.ingestion url='https://www.gob.mx/presidencia/es/articulos/version-estenografica-conferencia-de-prensa-de-la-presidenta-claudia-sheinbaum-pardo-del-31-de-marzo-de-2026?idiom=es'
2026-07-28T15:28:39.682338Z [warning  ] Artículo duplicado, omitido    hash=d2b294d468a5e31cdff961a80e0e19f1651ac9c81207f7f42ba6370b46b3f997 layer=bronze module_name=lakehouse.pipeline.ingestion url='https://www.gob.mx/presidencia/es/articulos/mensaje-de-la-presidenta-de-mexico-claudia-sheinbaum-pardo-y-el-presidente-de-la-fifa-gianni-infantino-en-palacio-nacional?idiom=es'
2026-07-28T15:28:40.103179Z [warning  ] Artículo duplicado, omitido    hash=c983bc0dd877db92d773f7bca8e205264d68d9443fb91ee95fc8329615ec7d20 layer=bronze module_name=lakehouse.pipeline.ingestion url='https://www.gob.mx/presidencia/es/articulos/version-estenografica-conferencia-de-prensa-de-la-presidenta-claudia-sheinbaum-pardo-del-30-de-marzo-de-2026?idiom=es'
2026-07-28T15:28:40.505711Z [warning  ] Artículo duplicado, omitido    hash=709ddffcd8207d41e9b03d5a9d4e561ec1b62e89db35403b60e5182de1425a34 layer=bronze module_name=lakehouse.pipeline.ingestion url='https://www.gob.mx/presidencia/es/articulos/version-estenografica-conferencia-de-prensa-de-la-presidenta-claudia-sheinbaum-pardo-del-30-de-marzo-de-202?idiom=es'
2026-07-28T15:28:40.917177Z [warning  ] Artículo duplicado, omitido    hash=6301111cb6b60fd2fb28932e0e89cf80ea60ae4a053e2d5961570d506e1d53f4 layer=bronze module_name=lakehouse.pipeline.ingestion url='https://www.gob.mx/presidencia/es/articulos/version-estenografica-certificados-agrarios-para-mujeres-ciudad-de-mexico?idiom=es'
2026-07-28T15:28:41.318431Z [warning  ] Artículo duplicado, omitido    hash=03c1db1622bc66852a9aa8774748a96ab73e6ae5fa4955d9fb02f4d622c2de48 layer=bronze module_name=lakehouse.pipeline.ingestion url='https://www.gob.mx/presidencia/es/articulos/version-estenografica-bicentenario-del-natalicio-de-margarita-maza-ciudad-de-mexico?idiom=es'
2026-07-28T15:28:41.746896Z [warning  ] Artículo duplicado, omitido    hash=d35a0df7f1afbcca7f35000b6176d7261b6a4faa106cc0983b0717556994222f layer=bronze module_name=lakehouse.pipeline.ingestion url='https://www.gob.mx/presidencia/es/articulos/version-estenografica-pension-mujeres-bienestar-general-panfilo-natera-zacatecas?idiom=es'
2026-07-28T15:28:42.166621Z [warning  ] Artículo duplicado, omitido    hash=3cf47368eaa26a15c5d728b550008c5f8d1868eb2f97bc697c6f9ef57f05c089 layer=bronze module_name=lakehouse.pipeline.ingestion url='https://www.gob.mx/presidencia/es/articulos/version-estenografica-alimentacion-para-el-bienestar-sombrerete-zacatecas?idiom=es'
2026-07-28T15:28:42.677720Z [warning  ] Artículo duplicado, omitido    hash=546908e9982348f2d993b0107bab2d5f95ba1bc670f08b6a8c8884550d1c9532 layer=bronze module_name=lakehouse.pipeline.ingestion url='https://www.gob.mx/presidencia/es/articulos/version-estenografica-conferencia-de-prensa-de-la-presidenta-claudia-sheinbaum-pardo-del-27-de-marzo-de-2026?idiom=es'
2026-07-28T15:28:43.097120Z [warning  ] Artículo duplicado, omitido    hash=6cc5aa3665dd3cc2c126c4a1fca3b56c293808f16e315e0e623a6931791379d3 layer=bronze module_name=lakehouse.pipeline.ingestion url='https://www.gob.mx/presidencia/es/articulos/version-estenografica-conferencia-de-prensa-de-la-presidenta-claudia-sheinbaum-pardo-del-26-de-marzo-de-2026?idiom=es'
2026-07-28T15:28:43.535687Z [warning  ] Artículo duplicado, omitido    hash=93f63b794aa41311fac3b4aecbb244539d64c4aff1179213fe377c9430883177 layer=bronze module_name=lakehouse.pipeline.ingestion url='https://www.gob.mx/presidencia/es/articulos/version-estenografica-conferencia-de-prensa-de-la-presidenta-claudia-sheinbaum-pardo-del-25-de-marzo-de-2026?idiom=es'
2026-07-28T15:28:44.007729Z [warning  ] Artículo duplicado, omitido    hash=5df5db4da375eaf1b1dcd77911ee0dfb8f2ae25524f1ad90add5284402b4111c layer=bronze module_name=lakehouse.pipeline.ingestion url='https://www.gob.mx/presidencia/es/articulos/version-estenografica-conferencia-de-prensa-de-la-presidenta-claudia-sheinbaum-pardo-del-24-de-marzo-de-2026?idiom=es'
2026-07-28T15:28:44.456168Z [warning  ] Artículo duplicado, omitido    hash=3f708cd35d1433988c95a035c0c9cb92b696a101a3fde32f0f66f3b2063b049c layer=bronze module_name=lakehouse.pipeline.ingestion url='https://www.gob.mx/presidencia/es/articulos/version-estenografica-conferencia-de-prensa-de-la-presidenta-claudia-sheinbaum-pardo-del-23-de-marzo-de-2026?idiom=es'
2026-07-28T15:28:44.970406Z [warning  ] Artículo duplicado, omitido    hash=11d61b0d0448fb0b301b4504660ea8f4d8fef9355e0c4581c772b4f85cb14694 layer=bronze module_name=lakehouse.pipeline.ingestion url='https://www.gob.mx/presidencia/es/articulos/version-estenografica-reconocimiento-a-mujeres-traductoras-de-lenguas-indigenas-santo-domingo-tehuantepec-oaxaca?idiom=es'
2026-07-28T15:28:45.543340Z [warning  ] Artículo duplicado, omitido    hash=6dd9489ca05e16b33e3b263ba0f2a0b38fcd8a6661e09d91964ff9826a88581f layer=bronze module_name=lakehouse.pipeline.ingestion url='https://www.gob.mx/presidencia/es/articulos/version-estenografica-220-aniversario-del-natalicio-de-benito-juarez-guelatao-oaxaca?idiom=es'
2026-07-28T15:28:45.927154Z [warning  ] Artículo duplicado, omitido    hash=97e30f70acde10864efec8fd49330fb965211b8c261561aea3be7bcb30e589e3 layer=bronze module_name=lakehouse.pipeline.ingestion url='https://www.gob.mx/presidencia/es/articulos/version-estenografica-pension-mujeres-bienestar-felipe-carrillo-puerto-quintana-roo-421823?idiom=es'
2026-07-28T15:28:46.344601Z [warning  ] Artículo duplicado, omitido    hash=6243e1ca6c4f842744749eafdbe31977052384983877912986b9ce4f2088a3af layer=bronze module_name=lakehouse.pipeline.ingestion url='https://www.gob.mx/presidencia/es/articulos/version-estenografica-pension-mujeres-bienestar-felipe-carrillo-puerto-quintana-roo?idiom=es'
2026-07-28T15:28:46.737722Z [warning  ] Artículo duplicado, omitido    hash=5565f3e49c139034375e7a37f1afd038d221cccc8e42500a2e945ead9edd807b layer=bronze module_name=lakehouse.pipeline.ingestion url='https://www.gob.mx/presidencia/es/articulos/version-estenografica-distintivo-de-turismo-comunitario-felipe-carrillo-puerto-quintana-roo?idiom=es'
2026-07-28T15:28:47.169786Z [warning  ] Artículo duplicado, omitido    hash=466a8cb2b6f812fa70745618a24f1e0306fb8ff93a460f5c58797a85e79fe17e layer=bronze module_name=lakehouse.pipeline.ingestion url='https://www.gob.mx/presidencia/es/articulos/version-estenografica-conferencia-de-prensa-de-la-presidenta-claudia-sheinbaum-pardo-del-20-de-marzo-de-2026?idiom=es'
2026-07-28T15:28:47.699103Z [warning  ] Artículo duplicado, omitido    hash=6c807570ec7a05540f4e455b072d81f09d2970d3de92e5be6e1dc47e8af44159 layer=bronze module_name=lakehouse.pipeline.ingestion url='https://www.gob.mx/presidencia/es/articulos/version-estenografica-89-convencion-bancaria-de-la-asociacion-de-bancos-de-mexico?idiom=es'
2026-07-28T15:28:48.053201Z [warning  ] Artículo duplicado, omitido    hash=0c3259a7ab8fcca77d39ec186db95e64f80fd159f50c44b0a6620404df271c0f layer=bronze module_name=lakehouse.pipeline.ingestion url='https://www.gob.mx/presidencia/es/articulos/version-estenografica-conferencia-de-prensa-mexico-alemania-quintana-roo?idiom=es'
2026-07-28T15:28:48.482255Z [warning  ] Artículo duplicado, omitido    hash=aec3204e12c6a282c93f62a60d300e2e505e17fb8d99228368215d91f6ebcb04 layer=bronze module_name=lakehouse.pipeline.ingestion url='https://www.gob.mx/presidencia/es/articulos/version-estenografica-conferencia-de-prensa-de-la-presidenta-claudia-sheinbaum-pardo-del-19-de-marzo-de-2026?idiom=es'
2026-07-28T15:28:48.916821Z [warning  ] Artículo duplicado, omitido    hash=fca7c4ecbdfd6d22c4c49d0f155fca39b21a0cae3f615da9dd5e6260530c7e9e layer=bronze module_name=lakehouse.pipeline.ingestion url='https://www.gob.mx/presidencia/es/articulos/version-estenografica-88-aniversario-de-la-expropiacion-petrolera-pueblo-viejo-veracruz?idiom=es'
2026-07-28T15:28:49.417221Z [warning  ] Artículo duplicado, omitido    hash=d05fb9fd3434f1e2ce4cb8c7fd92de19459bcc3b583a40e685f96b85e6ab0657 layer=bronze module_name=lakehouse.pipeline.ingestion url='https://www.gob.mx/presidencia/es/articulos/version-estenografica-conferencia-de-prensa-de-la-presidenta-claudia-sheinbaum-pardo-del-17-de-marzo-de-2026-421610?idiom=es'
2026-07-28T15:28:49.888287Z [warning  ] Artículo duplicado, omitido    hash=e909a98fe6671683b61ab40c8e6f8e2e9c47f32458951ae61e27de7a312902a1 layer=bronze module_name=lakehouse.pipeline.ingestion url='https://www.gob.mx/presidencia/es/articulos/version-estenografica-conferencia-de-prensa-de-la-presidenta-claudia-sheinbaum-pardo-del-17-de-marzo-de-2026?idiom=es'
2026-07-28T15:28:50.320139Z [warning  ] Artículo duplicado, omitido    hash=dd7be8d2e48face0ad02263a95b70fb10f0467eda2ea64263335363abed09e4b layer=bronze module_name=lakehouse.pipeline.ingestion url='https://www.gob.mx/presidencia/es/articulos/version-estenografica-conferencia-de-prensa-de-la-presidenta-claudia-sheinbaum-pardo-del-16-de-marzo-de-2026?idiom=es'
2026-07-28T15:28:50.759278Z [warning  ] Artículo duplicado, omitido    hash=fb7233fa2116ab3d997f55530b8b73d9988a49db3c9029f0f0bf5451111a61d7 layer=bronze module_name=lakehouse.pipeline.ingestion url='https://www.gob.mx/presidencia/es/articulos/version-estenografica-pension-mujeres-bienestar-compostela-nayarit?idiom=es'
2026-07-28T15:28:51.201140Z [warning  ] Artículo duplicado, omitido    hash=79107b410585416cb4d85c49d5603b25771eba3b53404ba0b27818353a7bc502 layer=bronze module_name=lakehouse.pipeline.ingestion url='https://www.gob.mx/presidencia/es/articulos/version-estenografica-pension-mujeres-bienestar-santa-maria-del-oro-nayarit?idiom=es'
2026-07-28T15:28:51.560237Z [warning  ] Artículo duplicado, omitido    hash=66487ddcfd9fdceaabfcc36bc528c6ca1071e17f3e6da95297705f915d7b3108 layer=bronze module_name=lakehouse.pipeline.ingestion url='https://www.gob.mx/presidencia/es/articulos/version-estenografica-inauguracion-centro-libre-para-las-mujeres-ixtlan-del-rio-nayarit?idiom=es'
2026-07-28T15:28:51.894055Z [warning  ] Artículo duplicado, omitido    hash=5878831153a0fea860caa4fe227b733afc752dc7524075ae31f3db998575df79 layer=bronze module_name=lakehouse.pipeline.ingestion url='https://www.gob.mx/presidencia/es/articulos/version-estenografica-inauguracion-centro-libre-para-las-mujeres-coquimatlan-colima?idiom=es'
2026-07-28T15:28:52.329214Z [warning  ] Artículo duplicado, omitido    hash=30ef105729fa6939dfa0e1a8e19c2cbc9db74bf5deab2b9ed8ac2dd23823bdee layer=bronze module_name=lakehouse.pipeline.ingestion url='https://www.gob.mx/presidencia/es/articulos/version-estenografica-pension-mujeres-bienestar-tecoman-colima?idiom=es'
2026-07-28T15:28:52.904200Z [warning  ] Artículo duplicado, omitido    hash=d77740d6835f53af924639a4a22fda4a637362185dbb2d892730c6b14c79d029 layer=bronze module_name=lakehouse.pipeline.ingestion url='https://www.gob.mx/presidencia/es/articulos/version-estenografica-conferencia-de-prensa-de-la-presidenta-claudia-sheinbaum-pardo-del-13-de-marzo-de-2026?idiom=es'
2026-07-28T15:28:53.326165Z [warning  ] Artículo duplicado, omitido    hash=6dda0b2d8a42debbc37c955384d58846b0fe55551872e07cec3105f2d8eb600e layer=bronze module_name=lakehouse.pipeline.ingestion url='https://www.gob.mx/presidencia/es/articulos/version-estenografica-conferencia-de-prensa-de-la-presidenta-claudia-sheinbaum-pardo-del-12-de-marzo-de-2026?idiom=es'
2026-07-28T15:28:53.773689Z [warning  ] Artículo duplicado, omitido    hash=de5dda054a769c46500d0064c456756640012b86afbe0605f134de08b07c7b99 layer=bronze module_name=lakehouse.pipeline.ingestion url='https://www.gob.mx/presidencia/es/articulos/version-estenografica-conferencia-de-prensa-de-la-presidenta-claudia-sheinbaum-pardo-del-11-de-marzo-de-2026?idiom=es'
2026-07-28T15:28:54.186295Z [warning  ] Artículo duplicado, omitido    hash=32d246f11c4967cb4373ce09c8b19734748bcd3ba8efcfb330285a63a9fe61da layer=bronze module_name=lakehouse.pipeline.ingestion url='https://www.gob.mx/presidencia/es/articulos/version-estenografica-conferencia-de-prensa-de-la-presidenta-claudia-sheinbaum-pardo-del-10-de-marzo-de-2026?idiom=es'
2026-07-28T15:28:54.751257Z [warning  ] Artículo duplicado, omitido    hash=a044b90f2683a2dd5c822b33f69b8cd57c8bab9dc1bbcf5e59b0195ed1278f90 layer=bronze module_name=lakehouse.pipeline.ingestion url='https://www.gob.mx/presidencia/es/articulos/version-estenografica-conferencia-de-prensa-de-la-presidenta-claudia-sheinbaum-pardo-del-09-de-marzo-de-2026?idiom=es'
2026-07-28T15:28:55.154623Z [warning  ] Artículo duplicado, omitido    hash=ddaafed8bab0fb758966813c90f7e41f7eb5e462105a04efea8964a4d4484c75 layer=bronze module_name=lakehouse.pipeline.ingestion url='https://www.gob.mx/presidencia/es/articulos/version-estenografica-dia-internacional-de-las-mujeres-ciudad-de-mexico?idiom=es'
2026-07-28T15:28:55.542152Z [warning  ] Artículo duplicado, omitido    hash=4accc9d67f26d14a9fe46accb4daf401a00db5e9776480aa4a6827a7bd394413 layer=bronze module_name=lakehouse.pipeline.ingestion url='https://www.gob.mx/presidencia/es/articulos/version-estenografica-vivienda-para-el-bienestar-tecamac-estado-de-mexico?idiom=es'
2026-07-28T15:28:56.054770Z [warning  ] Artículo duplicado, omitido    hash=6c32bade125a3d01a9f624c4df7dc544d75dd20d9ce57f5f0347d2c99f15ba59 layer=bronze module_name=lakehouse.pipeline.ingestion url='https://www.gob.mx/presidencia/es/articulos/version-estenografica-inauguracion-de-bachillerato-nacional-chimalhuacan-estado-de-mexico?idiom=es'
2026-07-28T15:28:56.497389Z [warning  ] Artículo duplicado, omitido    hash=1fa5302b7c83be00ccd47c21c0a16d6ac3e298773a0c34488a1590cfce5022fa layer=bronze module_name=lakehouse.pipeline.ingestion url='https://www.gob.mx/presidencia/es/articulos/version-estenografica-inauguracion-de-bachillerato-nacional-ixtapaluca-estado-de-mexico?idiom=es'
2026-07-28T15:28:56.885700Z [warning  ] Artículo duplicado, omitido    hash=fdd31357910a7339aa2d5cb09536eb494abfa0c5db88cca61646c4efd3bb0f83 layer=bronze module_name=lakehouse.pipeline.ingestion url='https://www.gob.mx/presidencia/es/articulos/version-estenografica-inauguracion-de-bachillerato-nacional-el-salto-jalisco?idiom=es'
2026-07-28T15:28:57.327454Z [warning  ] Artículo duplicado, omitido    hash=64b1e177f0f98ee551ba00214f6c541fd456e3a24b34c96490881cab392d06d5 layer=bronze module_name=lakehouse.pipeline.ingestion url='https://www.gob.mx/presidencia/es/articulos/version-estenografica-conferencia-de-prensa-de-la-presidenta-claudia-sheinbaum-pardo-del-06-de-marzo-de-2026?idiom=es'
2026-07-28T15:28:57.790840Z [warning  ] Artículo duplicado, omitido    hash=47f6a3f8be81ccbe0cd421f9c66d27b653912fb913b5f1cf2b4283b4c067073b layer=bronze module_name=lakehouse.pipeline.ingestion url='https://www.gob.mx/presidencia/es/articulos/version-estenografica-conferencia-de-prensa-de-la-presidenta-claudia-sheinbaum-pardo-del-05-de-marzo-de-2026?idiom=es'
2026-07-28T15:28:58.307482Z [warning  ] Artículo duplicado, omitido    hash=0aa16b196b174df5236eeb92f0f81f8727ac86786832679adf7927866032ddcc layer=bronze module_name=lakehouse.pipeline.ingestion url='https://www.gob.mx/presidencia/es/articulos/version-estenografica-conferencia-de-prensa-de-la-presidenta-claudia-sheinbaum-pardo-del-04-de-marzo-de-2026?idiom=es'
2026-07-28T15:28:58.748995Z [warning  ] Artículo duplicado, omitido    hash=ac1953a86790c8d61d509a5580b7aa7a445d9d36b1a2cb05cf38886d368447d4 layer=bronze module_name=lakehouse.pipeline.ingestion url='https://www.gob.mx/presidencia/es/articulos/version-estenografica-conferencia-de-prensa-de-la-presidenta-claudia-sheinbaum-pardo-del-03-de-marzo-de-2026?idiom=es'
2026-07-28T15:28:59.332917Z [warning  ] Artículo duplicado, omitido    hash=70f5db0fce03b6e70486468d5e1c06096302022970976a6c7a855431e7327375 layer=bronze module_name=lakehouse.pipeline.ingestion url='https://www.gob.mx/presidencia/es/articulos/version-estenografica-conferencia-de-prensa-de-la-presidenta-claudia-sheinbaum-pardo-del-02-de-marzo-de-2026?idiom=es'
2026-07-28T15:28:59.746455Z [warning  ] Artículo duplicado, omitido    hash=d5e71cb8c91a5412e682ce29ef75113614d7d7d5155ee457db55a662c3139037 layer=bronze module_name=lakehouse.pipeline.ingestion url='https://www.gob.mx/presidencia/es/articulos/version-estenografica-programas-para-el-bienestar-comondu-baja-california-sur?idiom=es'
2026-07-28T15:29:00.124858Z [warning  ] Artículo duplicado, omitido    hash=ea2d0ada872a33e1fb5fa0c973d3e3c7dd36bef194a299a43003dedd3a7d9322 layer=bronze module_name=lakehouse.pipeline.ingestion url='https://www.gob.mx/presidencia/es/articulos/version-estenografica-inicio-de-obra-del-hospital-de-especialidades-imss-culiacan-sinaloa?idiom=es'
2026-07-28T15:29:00.514879Z [warning  ] Artículo duplicado, omitido    hash=50d60c798db8c276c4a5da39726417029757f0b2d8f6dbd11ed86bb0a79a2db7 layer=bronze module_name=lakehouse.pipeline.ingestion url='https://www.gob.mx/presidencia/es/articulos/version-estenografica-programas-para-el-bienestar-san-ignacio-sinaloa?idiom=es'
2026-07-28T15:29:00.914362Z [warning  ] Artículo duplicado, omitido    hash=19481277bbb65bd3eb3a376f303dd4d36dbb86d87998f5bb3da8efa90e525523 layer=bronze module_name=lakehouse.pipeline.ingestion url='https://www.gob.mx/presidencia/es/articulos/version-estenografica-conferencia-de-prensa-de-la-presidenta-claudia-sheinbaum-pardo-del-27-de-febrero-de-2026?idiom=es'
2026-07-28T15:29:01.326432Z [warning  ] Artículo duplicado, omitido    hash=6e26d39bd5ce24a26411771100ce804fd53bdfd9a4ea00c392de212db0074585 layer=bronze module_name=lakehouse.pipeline.ingestion url='https://www.gob.mx/presidencia/es/articulos/version-estenografica-conferencia-de-prensa-de-la-presidenta-claudia-sheinbaum-pardo-del-26-de-febrero-de-2026?idiom=es'
2026-07-28T15:29:01.757615Z [warning  ] Artículo duplicado, omitido    hash=38b09f74172236689412ebbecc23821ff1721b155f1dda833ab65dfcb6dc5edc layer=bronze module_name=lakehouse.pipeline.ingestion url='https://www.gob.mx/presidencia/es/articulos/version-estenografica-conferencia-de-prensa-de-la-presidenta-claudia-sheinbaum-pardo-del-25-de-febrero-de-2026?idiom=es'
2026-07-28T15:29:02.136336Z [warning  ] Artículo duplicado, omitido    hash=400db377ec83e519b52125e2571a8c3694fe4775ef41879391e0db9c488aeeb1 layer=bronze module_name=lakehouse.pipeline.ingestion url='https://www.gob.mx/presidencia/es/articulos/version-estenografica-dia-de-la-bandera-ciudad-de-mexico?idiom=es'
2026-07-28T15:29:02.548114Z [warning  ] Artículo duplicado, omitido    hash=4b802c97cba6631a9600ab6c42ffb5f110ca51e661e9491d0a162b8c5a9c0fc8 layer=bronze module_name=lakehouse.pipeline.ingestion url='https://www.gob.mx/presidencia/es/articulos/version-estenografica-conferencia-de-prensa-de-la-presidenta-claudia-sheinbaum-pardo-del-24-de-febrero-de-2026?idiom=es'
2026-07-28T15:29:02.997512Z [warning  ] Artículo duplicado, omitido    hash=fbad70e2567275236140c615729a8210bd07d84f24a59ea62251f5a85eb80e1b layer=bronze module_name=lakehouse.pipeline.ingestion url='https://www.gob.mx/presidencia/es/articulos/version-estenografica-113-aniversario-luctuoso-de-francisco-i-madero-palacio-nacional?idiom=es'
2026-07-28T15:29:03.419884Z [warning  ] Artículo duplicado, omitido    hash=dd1f7416ae8311aa2a04ab66b7e652658df482e78e4a8a07ec5ef2e0071861f4 layer=bronze module_name=lakehouse.pipeline.ingestion url='https://www.gob.mx/presidencia/es/articulos/version-estenografica-conferencia-de-prensa-de-la-presidenta-claudia-sheinbaum-pardo-del-23-de-febrero-de-2026?idiom=es'
2026-07-28T15:29:03.820701Z [warning  ] Artículo duplicado, omitido    hash=c21b889d45a712a967404711238a8e78b321da2e66bcb6d4651e8820a1c85dae layer=bronze module_name=lakehouse.pipeline.ingestion url='https://www.gob.mx/presidencia/es/articulos/version-estenografica-programas-para-el-bienestar-san-pedro-coahuila?idiom=es'
2026-07-28T15:29:04.208898Z [warning  ] Artículo duplicado, omitido    hash=8117e584b8f6e4ea87ca7d593d20a67715f45a6f5ef5aecaaaeed3966eb7d297 layer=bronze module_name=lakehouse.pipeline.ingestion url='https://www.gob.mx/presidencia/es/articulos/version-estenografica-inicio-de-obra-del-hospital-regional-imss-saltillo-coahuila?idiom=es'
2026-07-28T15:29:04.674587Z [warning  ] Artículo duplicado, omitido    hash=00908c9282716f273782491dd0800c8c12b94a5d8b49f83ef66946313cae8ed0 layer=bronze module_name=lakehouse.pipeline.ingestion url='https://www.gob.mx/presidencia/es/articulos/version-estenografica-vivienda-para-el-bienestar-monclova-coahuila?idiom=es'
2026-07-28T15:29:05.116552Z [warning  ] Artículo duplicado, omitido    hash=ed043be05abf93e726c7832d445f9a30d37e3d1c2e6492fb72d3cffb8a03e238 layer=bronze module_name=lakehouse.pipeline.ingestion url='https://www.gob.mx/presidencia/es/articulos/version-estenografica-inauguracion-de-bachillerato-nacional-leon-guanajuato?idiom=es'
2026-07-28T15:29:05.568812Z [warning  ] Artículo duplicado, omitido    hash=2c3d89e58b624cab2d0cf085c795b9fc2441a21ef91e16f23810063cd5985805 layer=bronze module_name=lakehouse.pipeline.ingestion url='https://www.gob.mx/presidencia/es/articulos/version-estenografica-conferencia-de-prensa-de-la-presidenta-claudia-sheinbaum-pardo-del-20-de-febrero-de-2026?idiom=es'
2026-07-28T15:29:05.960098Z [warning  ] Artículo duplicado, omitido    hash=e66321917bddd082ef861c24127d414e72c7618b6e2bef03590e88fa04e5fcad layer=bronze module_name=lakehouse.pipeline.ingestion url='https://www.gob.mx/presidencia/es/articulos/version-estenografica-dia-del-ejercito-mexicano-oriental-puebla?idiom=es'
2026-07-28T15:29:06.375411Z [warning  ] Artículo duplicado, omitido    hash=9ff6fffa0da97b1d116f72fc64b2e5cbbd5505b4fa836af9ad06657f32a4583d layer=bronze module_name=lakehouse.pipeline.ingestion url='https://www.gob.mx/presidencia/es/articulos/version-estenografica-conferencia-de-prensa-de-la-presidenta-claudia-sheinbaum-pardo-del-19-de-febrero-de-2026?idiom=es'
2026-07-28T15:29:06.818382Z [warning  ] Artículo duplicado, omitido    hash=68755c4a11eb082911f4bc840068b1ee18defbda6591b2be5c542745b4c16b14 layer=bronze module_name=lakehouse.pipeline.ingestion url='https://www.gob.mx/presidencia/es/articulos/version-estenografica-conferencia-de-prensa-de-la-presidenta-claudia-sheinbaum-pardo-del-18-de-febrero-de-2026?idiom=es'
2026-07-28T15:29:07.309568Z [warning  ] Artículo duplicado, omitido    hash=a553b24360d482eb77043b6079389acb7571584fd36e99e7bfc9e898ca2e280b layer=bronze module_name=lakehouse.pipeline.ingestion url='https://www.gob.mx/presidencia/es/articulos/version-estenografica-conferencia-de-prensa-de-la-presidenta-claudia-sheinbaum-pardo-del-17-de-febrero-de-2026?idiom=es'
2026-07-28T15:29:07.756723Z [warning  ] Artículo duplicado, omitido    hash=5bf8a4e9efd4ee3fc476f0be8bc9bb27c088910ba79039be08daea2960a6287a layer=bronze module_name=lakehouse.pipeline.ingestion url='https://www.gob.mx/presidencia/es/articulos/version-estenografica-conferencia-de-prensa-de-la-presidenta-claudia-sheinbaum-pardo-del-16-de-febrero-de-2026?idiom=es'
2026-07-28T15:29:08.148981Z [warning  ] Artículo duplicado, omitido    hash=bb4ef4b77123791885e0c5f191d128b1b54242e790aae9ddbe198654be3e2b7c layer=bronze module_name=lakehouse.pipeline.ingestion url='https://www.gob.mx/presidencia/es/articulos/version-estenografica-incentivos-para-la-industria-cinematografica-palacio-nacional?idiom=es'
2026-07-28T15:29:08.589575Z [warning  ] Artículo duplicado, omitido    hash=0d52c2a47f7095c140e2b60349afa075631b32715525d64dbca7c7ae395d4fec layer=bronze module_name=lakehouse.pipeline.ingestion url='https://www.gob.mx/presidencia/es/articulos/version-estenografica-ampliacion-de-bachillerato-nacional-san-pablo-del-monte-tlaxcala?idiom=es'
2026-07-28T15:29:09.008700Z [warning  ] Artículo duplicado, omitido    hash=a47eabba98d7d6ace1de9704d4ffe6f47e426276390ed4c37b065212f7a7d7ee layer=bronze module_name=lakehouse.pipeline.ingestion url='https://www.gob.mx/presidencia/es/articulos/version-estenografica-conferencia-de-prensa-de-la-presidenta-claudia-sheinbaum-pardo-del-13-de-febrero-de-2026?idiom=es'
2026-07-28T15:29:09.486128Z [warning  ] Artículo duplicado, omitido    hash=481690bf33a280d856bcc3f7386fdb62f6b516e2687ec4fb68f10c17282fc028 layer=bronze module_name=lakehouse.pipeline.ingestion url='https://www.gob.mx/presidencia/es/articulos/version-estenografica-conferencia-de-prensa-de-la-presidenta-claudia-sheinbaum-pardo-del-12-de-febrero-de-2026?idiom=es'
2026-07-28T15:29:09.903515Z [warning  ] Artículo duplicado, omitido    hash=914b224d819cb77dbc7a7390c430912639cdd1eddd6efa039d06a3d15bbb3691 layer=bronze module_name=lakehouse.pipeline.ingestion url='https://www.gob.mx/presidencia/es/articulos/version-estenografica-conferencia-de-prensa-de-la-presidenta-claudia-sheinbaum-pardo-del-11-de-febrero-de-2026?idiom=es'
2026-07-28T15:29:10.234143Z [warning  ] Artículo duplicado, omitido    hash=166cfbf8dca5adbc0d145c315a6a3c3299c5e402beb999839a2bba193110f4d8 layer=bronze module_name=lakehouse.pipeline.ingestion url='https://www.gob.mx/presidencia/es/articulos/version-estenografica-mensaje-de-la-presidenta-de-mexico-claudia-sheinbaum-pardo-en-palacio-nacional-419162?idiom=es'
2026-07-28T15:29:10.694086Z [warning  ] Artículo duplicado, omitido    hash=ea8fb476d9723341eb032edae1a899b34b4a28fce132579ab6913ff16a84d75c layer=bronze module_name=lakehouse.pipeline.ingestion url='https://www.gob.mx/presidencia/es/articulos/version-estenografica-111-aniversario-de-la-fuerza-aerea-mexicana-zumpango-estado-de-mexico?idiom=es'
2026-07-28T15:29:11.107169Z [warning  ] Artículo duplicado, omitido    hash=0123dd737e916fe1bcc7678fdbd383a3b2587092a1b88df851d357d890c6197d layer=bronze module_name=lakehouse.pipeline.ingestion url='https://www.gob.mx/presidencia/es/articulos/version-estenografica-conferencia-de-prensa-de-la-presidenta-claudia-sheinbaum-pardo-del-10-de-febrero-de-2026?idiom=es'
2026-07-28T15:29:11.493304Z [warning  ] Artículo duplicado, omitido    hash=183a3b518edd50fe2bcf336c97df006064f5b9ab7562e872bb12caa4738b5493 layer=bronze module_name=lakehouse.pipeline.ingestion url='https://www.gob.mx/presidencia/es/articulos/version-estenografica-mensaje-de-la-presidenta-de-mexico-claudia-sheinbaum-pardo-en-palacio-nacional?idiom=es'
2026-07-28T15:29:11.842008Z [warning  ] Artículo duplicado, omitido    hash=af8e87edcc1dd2b2528114e2ec75af0539dfb6084b0bc3d067a95793cccd3188 layer=bronze module_name=lakehouse.pipeline.ingestion url='https://www.gob.mx/presidencia/es/articulos/version-estenografica-113-aniversario-de-la-marcha-de-la-lealtad-ciudad-de-mexico?idiom=es'
2026-07-28T15:29:12.273604Z [warning  ] Artículo duplicado, omitido    hash=1399fefed80db24f3b13375ccc05b9afdffac4bbbf011a60e752e118bd3d3e5f layer=bronze module_name=lakehouse.pipeline.ingestion url='https://www.gob.mx/presidencia/es/articulos/version-estenografica-conferencia-de-prensa-de-la-presidenta-claudia-sheinbaum-pardo-del-09-de-febrero-de-2026?idiom=es'
2026-07-28T15:29:12.675628Z [warning  ] Artículo duplicado, omitido    hash=dc77945f667c7bf499178ba50852d166de19cd4257903209be3269c43b63871e layer=bronze module_name=lakehouse.pipeline.ingestion url='https://www.gob.mx/presidencia/es/articulos/version-estenografica-vivienda-para-el-bienestar-juarez-nuevo-leon?idiom=es'
2026-07-28T15:29:13.112906Z [warning  ] Artículo duplicado, omitido    hash=a3a433fa438df2f33d108720a3f2b6c85d48eafc794b818626e3ba17c0bc1039 layer=bronze module_name=lakehouse.pipeline.ingestion url='https://www.gob.mx/presidencia/es/articulos/version-estenografica-inicio-de-obra-del-hospital-general-imss-santa-catarina-nuevo-leon?idiom=es'
2026-07-28T15:29:13.582063Z [warning  ] Artículo duplicado, omitido    hash=4bc0f50af65dfc9a45a099128fd53bf11ef332fb7a85d928678d2bd11921ade9 layer=bronze module_name=lakehouse.pipeline.ingestion url='https://www.gob.mx/presidencia/es/articulos/version-estenografica-inauguracion-de-bachillerato-nacional-garcia-nuevo-leon?idiom=es'
2026-07-28T15:29:13.975828Z [warning  ] Artículo duplicado, omitido    hash=119d8fb1e4178c88ed041f89913ae5c58d4a21e32f95f41bc8802a81b1e8bdfe layer=bronze module_name=lakehouse.pipeline.ingestion url='https://www.gob.mx/presidencia/es/articulos/version-estenografica-inauguracion-de-la-universidad-nacional-rosario-castellanos-san-luis-potosi?idiom=es'
2026-07-28T15:29:14.381911Z [warning  ] Artículo duplicado, omitido    hash=88c41a13934c556934a8cbba23d9379b79d5d81cad13e2213b88fc0283a84ab5 layer=bronze module_name=lakehouse.pipeline.ingestion url='https://www.gob.mx/presidencia/es/articulos/version-estenografica-programas-para-el-bienestar-morelia-michoacan?idiom=es'
2026-07-28T15:29:14.875080Z [warning  ] Artículo duplicado, omitido    hash=355c9ac7ac7fae0abc2a37931980ffe981940dfb539e21c4f9afa78772a47755 layer=bronze module_name=lakehouse.pipeline.ingestion url='https://www.gob.mx/presidencia/es/articulos/version-estenografica-conferencia-de-prensa-de-la-presidenta-claudia-sheinbaum-pardo-del-06-de-febrero-de-2026?idiom=es'
2026-07-28T15:29:15.279878Z [warning  ] Artículo duplicado, omitido    hash=010d81c77dc0031bb9a414f1c68dd49607743d25b4a2be094e77f3e9e8622475 layer=bronze module_name=lakehouse.pipeline.ingestion url='https://www.gob.mx/presidencia/es/articulos/version-estenografica-109-aniversario-de-la-constitucion-de-1917-queretaro-queretaro?idiom=es'
2026-07-28T15:29:15.681973Z [warning  ] Artículo duplicado, omitido    hash=aa5f5327fe7b0c839abb447513221aac2789bc223b6ff3edf465050440f9345a layer=bronze module_name=lakehouse.pipeline.ingestion url='https://www.gob.mx/presidencia/es/articulos/version-estenografica-reunion-nacional-de-promocion-de-inversiones-ciudad-de-mexico?idiom=es'
2026-07-28T15:29:16.101318Z [warning  ] Artículo duplicado, omitido    hash=232f1ecdd41b4c37cee7c90a2043338f0ba88c22a886e1572df66601586c36ae layer=bronze module_name=lakehouse.pipeline.ingestion url='https://www.gob.mx/presidencia/es/articulos/version-estenografica-conferencia-de-prensa-de-la-presidenta-claudia-sheinbaum-pardo-del-04-de-febrero-de-2026?idiom=es'
2026-07-28T15:29:16.571101Z [warning  ] Artículo duplicado, omitido    hash=bf7d77a0cbeff705a673d4c770dd74b57ecd47a0885ea03a785b760c06a312ae layer=bronze module_name=lakehouse.pipeline.ingestion url='https://www.gob.mx/presidencia/es/articulos/version-estenografica-conferencia-de-prensa-de-la-presidenta-claudia-sheinbaum-pardo-del-03-de-febrero-de-2026?idiom=es'
2026-07-28T15:29:17.026853Z [warning  ] Artículo duplicado, omitido    hash=04cc1f322cbed528e8d6ecd46e2b41ee0900c2d6cdc6829ec7168d62a354e04e layer=bronze module_name=lakehouse.pipeline.ingestion url='https://www.gob.mx/presidencia/es/articulos/version-estenografica-conferencia-de-prensa-de-la-presidenta-claudia-sheinbaum-pardo-del-02-de-febrero-de-2026?idiom=es'
2026-07-28T15:29:17.361867Z [warning  ] Artículo duplicado, omitido    hash=c8edf612bc5515ad3616eb3b4a73149010b098630aa3891037c65dd8aaa7609e layer=bronze module_name=lakehouse.pipeline.ingestion url='https://www.gob.mx/presidencia/es/articulos/version-estenografica-ceremonia-de-hundimiento-del-exbuque-cabo-corrientes-e-inauguracion-del-museo-subacuatico-sonorense?idiom=es'
2026-07-28T15:29:17.808098Z [warning  ] Artículo duplicado, omitido    hash=618cf25681fa490e9e0b1fba531f88a719a1798a621c35114380f52cae6387f4 layer=bronze module_name=lakehouse.pipeline.ingestion url='https://www.gob.mx/presidencia/es/articulos/presentacion-del-proyecto-de-expansion-del-puerto-de-guaymas-sonora-418541?idiom=es'
2026-07-28T15:29:18.254743Z [warning  ] Artículo duplicado, omitido    hash=1f039b2e12cfea7e76b590393f9f1d81b2ce91fe430634036e9adb87a43195e0 layer=bronze module_name=lakehouse.pipeline.ingestion url='https://www.gob.mx/presidencia/es/articulos/version-estenografica-inauguracion-de-la-carretera-bavispe-nuevo-casas-grandes-bavispe-sonora?idiom=es'
2026-07-28T15:29:18.646924Z [warning  ] Artículo duplicado, omitido    hash=9deea5ae95478522d7f4d44697d907868bf982c187acec4d4173314caa8be23c layer=bronze module_name=lakehouse.pipeline.ingestion url='https://www.gob.mx/presidencia/es/articulos/version-estenografica-plan-de-justicia-para-trabajadores-agricolas-de-san-quintin-baja-california?idiom=es'
2026-07-28T15:29:19.062654Z [warning  ] Artículo duplicado, omitido    hash=6026bc75e9e52613b3f4d06def48bbe5564668207f9a1220d2e2b0487fb8e36a layer=bronze module_name=lakehouse.pipeline.ingestion url='https://www.gob.mx/presidencia/es/articulos/version-estenografica-inauguracion-de-la-universidad-nacional-rosario-castellanos-tijuana-baja-california?idiom=es'
2026-07-28T15:29:19.463107Z [warning  ] Artículo duplicado, omitido    hash=aef4bd9aa34907dad6e050a3ccb9d5db834b43c3c4a85174d941beaf39c5720c layer=bronze module_name=lakehouse.pipeline.ingestion url='https://www.gob.mx/presidencia/es/articulos/version-estenografica-inauguracion-del-viaducto-elevado-primera-etapa-tijuana-baja-california?idiom=es'
2026-07-28T15:29:20.039133Z [warning  ] Artículo duplicado, omitido    hash=7f767a1a24f87e9d9381449a282905afc3a4c599003f2a1a867d2320b5faaa16 layer=bronze module_name=lakehouse.pipeline.ingestion url='https://www.gob.mx/presidencia/es/articulos/version-estenografica-conferencia-de-prensa-de-la-presidenta-claudia-sheinbaum-pardo-del-30-de-enero-de-2026?idiom=es'
2026-07-28T15:29:20.445926Z [warning  ] Artículo duplicado, omitido    hash=1cffd8819b2c008b0dd4c781fcaa5298f3d32b0aab4cefa6bdb0fdae3ceba9ac layer=bronze module_name=lakehouse.pipeline.ingestion url='https://www.gob.mx/presidencia/es/articulos/version-estenografica-conferencia-de-prensa-de-la-presidenta-claudia-sheinbaum-pardo-del-29-de-enero-de-2026?idiom=es'
2026-07-28T15:29:20.919462Z [warning  ] Artículo duplicado, omitido    hash=c6781692785c8dd7ba657fb59218e44c2fb0b59a1bfe79ea20535b81411aee61 layer=bronze module_name=lakehouse.pipeline.ingestion url='https://www.gob.mx/presidencia/es/articulos/version-estenografica-conferencia-de-prensa-de-la-presidenta-claudia-sheinbaum-pardo-del-28-de-enero-de-2026?idiom=es'
2026-07-28T15:29:21.416041Z [warning  ] Artículo duplicado, omitido    hash=5a887999b1eda3aecda9822b9b9f1f1f7fa25b0a71a7e745f1efc38c013c1c55 layer=bronze module_name=lakehouse.pipeline.ingestion url='https://www.gob.mx/presidencia/es/articulos/version-estenografica-conferencia-de-prensa-de-la-presidenta-claudia-sheinbaum-pardo-del-27-de-enero-de-2026?idiom=es'
2026-07-28T15:29:21.866890Z [warning  ] Artículo duplicado, omitido    hash=ee193da2272356d477865103dbcb5a8aa4c26a4f40bc713db5a3f46f23dc2881 layer=bronze module_name=lakehouse.pipeline.ingestion url='https://www.gob.mx/presidencia/es/articulos/version-estenografica-conferencia-de-prensa-de-la-presidenta-claudia-sheinbaum-pardo-del-26-de-enero-de-2026?idiom=es'
2026-07-28T15:29:22.291251Z [warning  ] Artículo duplicado, omitido    hash=21f960a863047d6121c2b422959d6b9c97facbba2c65eb8bfd99bd65ac65a99a layer=bronze module_name=lakehouse.pipeline.ingestion url='https://www.gob.mx/presidencia/es/articulos/version-estenografica-inauguracion-de-la-aduana-de-nuevo-laredo-tamaulipas?idiom=es'
2026-07-28T15:29:22.723360Z [warning  ] Artículo duplicado, omitido    hash=41267a587499b15b6a66328fa8d60a2cdae8636c46b4b08988099c81862731f8 layer=bronze module_name=lakehouse.pipeline.ingestion url='https://www.gob.mx/presidencia/es/articulos/version-estenografica-programas-para-el-bienestar-reynosa-tamaulipas?idiom=es'
2026-07-28T15:29:23.196739Z [warning  ] Artículo duplicado, omitido    hash=12cc75d6bd8412c1696c0b507d92bc2ca44133364f9e074533a6a4642da8a0c2 layer=bronze module_name=lakehouse.pipeline.ingestion url='https://www.gob.mx/presidencia/es/articulos/version-estenografica-vivienda-para-el-bienestar-reynosa-tamaulipas?idiom=es'
2026-07-28T15:29:23.632526Z [warning  ] Artículo duplicado, omitido    hash=4cc5f04f8fae18d0ada9b57a15c86e30575a7be9ae5d7083434dae7f17bfaa85 layer=bronze module_name=lakehouse.pipeline.ingestion url='https://www.gob.mx/presidencia/es/articulos/version-estenografica-programas-para-el-bienestar-la-antigua-veracruz?idiom=es'
2026-07-28T15:29:24.021536Z [warning  ] Artículo duplicado, omitido    hash=c6d0503261a288e69151d627dba2cc07e90bb6dc74e500a5684d2ca866d0c96c layer=bronze module_name=lakehouse.pipeline.ingestion url='https://www.gob.mx/presidencia/es/articulos/version-estenografica-vivienda-para-el-bienestar-veracruz-veracruz?idiom=es'
2026-07-28T15:29:24.478068Z [warning  ] Artículo duplicado, omitido    hash=82bdbce7a2482c8d01c91731fa437fd99bdbb313c70d0fb50307792a0be0bbb6 layer=bronze module_name=lakehouse.pipeline.ingestion url='https://www.gob.mx/presidencia/es/articulos/version-estenografica-conferencia-de-prensa-de-la-presidenta-claudia-sheinbaum-pardo-del-23-de-enero-de-2026?idiom=es'
2026-07-28T15:29:24.897004Z [warning  ] Artículo duplicado, omitido    hash=e7c0a03e955fd1111ca0ed4e20d3cf996af6b194e2e6a6b2d4314d6a6c13884a layer=bronze module_name=lakehouse.pipeline.ingestion url='https://www.gob.mx/presidencia/es/articulos/version-estenografica-pension-mujeres-bienestar-acatzingo-puebla-417613?idiom=es'
2026-07-28T15:29:25.329803Z [warning  ] Artículo duplicado, omitido    hash=63d71364bcc117ade4c82640dae2cb2946daf53e4004bd3b6f41e3ef0a8fec9f layer=bronze module_name=lakehouse.pipeline.ingestion url='https://www.gob.mx/presidencia/es/articulos/version-estenografica-conferencia-de-prensa-de-la-presidenta-claudia-sheinbaum-pardo-del-22-de-enero-de-2026?idiom=es'
2026-07-28T15:29:25.771866Z [warning  ] Artículo duplicado, omitido    hash=04663015e3a3f15a9b67829c572312885bfdc023bf41988b0e918a57880c7996 layer=bronze module_name=lakehouse.pipeline.ingestion url='https://www.gob.mx/presidencia/es/articulos/version-estenografica-conferencia-de-prensa-de-la-presidenta-claudia-sheinbaum-pardo-del-21-de-enero-de-2026?idiom=es'
2026-07-28T15:29:26.213997Z [warning  ] Artículo duplicado, omitido    hash=be90fde44c713b1531e44ba9bf93411d2e836397bcfbeb2de6d85504d5f485d6 layer=bronze module_name=lakehouse.pipeline.ingestion url='https://www.gob.mx/presidencia/es/articulos/version-estenografica-conferencia-de-prensa-de-la-presidenta-claudia-sheinbaum-pardo-del-20-de-enero-de-2026?idiom=es'
2026-07-28T15:29:26.622975Z [warning  ] Artículo duplicado, omitido    hash=e7739041c7abae8572c55aee1ae506480fa5935bedf01ec2339f2689e3a66aed layer=bronze module_name=lakehouse.pipeline.ingestion url='https://www.gob.mx/presidencia/es/articulos/version-estenografica-conferencia-de-prensa-de-la-presidenta-claudia-sheinbaum-pardo-del-19-de-enero-de-2026?idiom=es'
2026-07-28T15:29:27.004266Z [warning  ] Artículo duplicado, omitido    hash=c6e390d45398b6530e8629c8c704e484a361240de9520cf8c2e5f7dea6285131 layer=bronze module_name=lakehouse.pipeline.ingestion url='https://www.gob.mx/presidencia/es/articulos/version-estenografica-plan-de-justicia-para-pueblos-de-guanajuato-y-queretaro-san-miguel-de-allende-guanajuato?idiom=es'
2026-07-28T15:29:27.428494Z [warning  ] Artículo duplicado, omitido    hash=4349342e7671963ca4a5691def4c4f140e725684f43771716485147b45b94c34 layer=bronze module_name=lakehouse.pipeline.ingestion url='https://www.gob.mx/presidencia/es/articulos/version-estenografica-inauguracion-del-hospital-general-ignacio-zaragoza-del-imss-iztapalapa-ciudad-de-mexico?idiom=es'
2026-07-28T15:29:27.825783Z [warning  ] Artículo duplicado, omitido    hash=1ff89d27bceff1897aa8e283e8a1b55e98d0d8f16ecf8adf018111535ee1cf70 layer=bronze module_name=lakehouse.pipeline.ingestion url='https://www.gob.mx/presidencia/es/articulos/version-estenografica-programas-para-el-bienestar-tlalnepantla-estado-de-mexico?idiom=es'
2026-07-28T15:29:28.249741Z [warning  ] Artículo duplicado, omitido    hash=3f07cb3461ce5c41bc056716699221536937e2c6a5bddaea51b5e0714404efb4 layer=bronze module_name=lakehouse.pipeline.ingestion url='https://www.gob.mx/presidencia/es/articulos/version-estenografica-beca-rita-cetina-ecatepec-estado-de-mexico?idiom=es'
2026-07-28T15:29:28.831109Z [warning  ] Artículo duplicado, omitido    hash=4df9ee62d116e9d0dff357655d4f7fce7bdf1e9ba934a65f91a5444c9946d998 layer=bronze module_name=lakehouse.pipeline.ingestion url='https://www.gob.mx/presidencia/es/articulos/version-estenografica-conferencia-de-prensa-de-la-presidenta-claudia-sheinbaum-pardo-del-16-de-enero-de-2026?idiom=es'
2026-07-28T15:29:29.262771Z [warning  ] Artículo duplicado, omitido    hash=308fbae397f751ec4faa6b10dcbdfc02a1ee38bf2f3155a3473010b8eb5d7aa4 layer=bronze module_name=lakehouse.pipeline.ingestion url='https://www.gob.mx/presidencia/es/articulos/version-estenografica-conferencia-de-prensa-de-la-presidenta-claudia-sheinbaum-pardo-del-15-de-enero-de-2026?idiom=es'
2026-07-28T15:29:29.769398Z [warning  ] Artículo duplicado, omitido    hash=8685f4892c63a1612c8f8c40cdb7ec2f20b8bfbca78a59c4095acc6257a90ee9 layer=bronze module_name=lakehouse.pipeline.ingestion url='https://www.gob.mx/presidencia/es/articulos/version-estenografica-conferencia-de-prensa-de-la-presidenta-claudia-sheinbaum-pardo-del-14-de-enero-de-2026?idiom=es'
2026-07-28T15:29:30.287371Z [warning  ] Artículo duplicado, omitido    hash=943b808bcb32cb237bb5cf5f577647ac0ef75fc9b35cf44304763869f57826f6 layer=bronze module_name=lakehouse.pipeline.ingestion url='https://www.gob.mx/presidencia/es/articulos/version-estenografica-conferencia-de-prensa-de-la-presidenta-claudia-sheinbaum-pardo-del-13-de-enero-de-2026?idiom=es'
2026-07-28T15:29:30.732207Z [warning  ] Artículo duplicado, omitido    hash=39b31a9f692cdc0c19a0393036d4581f2e1c6be8bb94a91b621f919ab6045219 layer=bronze module_name=lakehouse.pipeline.ingestion url='https://www.gob.mx/presidencia/es/articulos/version-estenografica-conferencia-de-prensa-de-la-presidenta-claudia-sheinbaum-pardo-del-12-de-enero-de-2026?idiom=es'
2026-07-28T15:29:31.145158Z [warning  ] Artículo duplicado, omitido    hash=78db31555571621090674c7ea965ca918b9ef81b0ba3312962c66d48c745c927 layer=bronze module_name=lakehouse.pipeline.ingestion url='https://www.gob.mx/presidencia/es/articulos/version-estenografica-programas-para-el-bienestar-lazaro-cardenas-michoacan?idiom=es'
2026-07-28T15:29:31.563791Z [warning  ] Artículo duplicado, omitido    hash=531658e4662232cbedcd076f520a9813e4756797d8de1fd5d158e34d88a82300 layer=bronze module_name=lakehouse.pipeline.ingestion url='https://www.gob.mx/presidencia/es/articulos/version-estenografica-programas-para-el-bienestar-petatlan-guerrero?idiom=es'
2026-07-28T15:29:32.051295Z [warning  ] Artículo duplicado, omitido    hash=804e465767aaa7fdc4bdae91678ee3cc4ab5a7a43f2d48efa39b72fd0529aa74 layer=bronze module_name=lakehouse.pipeline.ingestion url='https://www.gob.mx/presidencia/es/articulos/version-estenografica-cafe-bienestar-atoyac-de-alvarez-guerrero?idiom=es'
2026-07-28T15:29:32.635188Z [warning  ] Artículo duplicado, omitido    hash=252b15da89cace880946195fe33e9e5b8bf4e79718102c707cd9611ae17b58ea layer=bronze module_name=lakehouse.pipeline.ingestion url='https://www.gob.mx/presidencia/es/articulos/version-estenografica-pension-mujeres-bienestar-coyuca-de-benitez-guerrero?idiom=es'
2026-07-28T15:29:33.236612Z [warning  ] Artículo duplicado, omitido    hash=751163e6d97125e38a7145ec4108bd5e363d19687cdaf12f0079308a163c9888 layer=bronze module_name=lakehouse.pipeline.ingestion url='https://www.gob.mx/presidencia/es/articulos/version-estenografica-conferencia-de-prensa-de-la-presidenta-claudia-sheinbaum-pardo-del-09-de-enero-de-2026?idiom=es'
2026-07-28T15:29:33.860330Z [warning  ] Artículo duplicado, omitido    hash=f8109e57dc69f7de7943e1450f708613316e98331f13c75eb1bbecedad6fbf01 layer=bronze module_name=lakehouse.pipeline.ingestion url='https://www.gob.mx/presidencia/es/articulos/version-estenografica-conferencia-de-prensa-de-la-presidenta-claudia-sheinbaum-pardo-del-08-de-enero-de-2026-416354?idiom=es'
2026-07-28T15:29:34.419886Z [warning  ] Artículo duplicado, omitido    hash=573a7261146ff7b93fbb6324b19186d5b9789ff0058a8da3ba47573dcf0619f3 layer=bronze module_name=lakehouse.pipeline.ingestion url='https://www.gob.mx/presidencia/es/articulos/version-estenografica-heroinas-de-la-historia-de-mexico-ciudad-de-mexico?idiom=es'
2026-07-28T15:29:34.845030Z [warning  ] Artículo duplicado, omitido    hash=e54e880ed0be48b730c03e3fe0fa7028d7cbbb7bb402cef8cc4fa95d333dfa1a layer=bronze module_name=lakehouse.pipeline.ingestion url='https://www.gob.mx/presidencia/es/articulos/version-estenografica-conferencia-de-prensa-de-la-presidenta-claudia-sheinbaum-pardo-del-07-de-enero-de-2026?idiom=es'
2026-07-28T15:29:35.241139Z [warning  ] Artículo duplicado, omitido    hash=92b2d7d4175fe28390b6e309e4d7b6fd5630d0037cdf25c9edebf2ff8a27c060 layer=bronze module_name=lakehouse.pipeline.ingestion url='https://www.gob.mx/presidencia/es/articulos/version-estenografica-conferencia-de-prensa-de-la-presidenta-claudia-sheinbaum-pardo-del-06-de-enero-de-2026?idiom=es'
2026-07-28T15:29:35.604099Z [warning  ] Artículo duplicado, omitido    hash=cc2d247e607c55a116426f8aa70c88ad56798511677324f48d247d47a77bbb9f layer=bronze module_name=lakehouse.pipeline.ingestion url='https://www.gob.mx/presidencia/es/articulos/version-estenografica-resultados-del-gobierno-de-mexico-en-2025?idiom=es'
2026-07-28T15:29:36.027676Z [warning  ] Artículo duplicado, omitido    hash=033e544937cd06fa50da3f27a8636289ffb6ebb410e5c6c19418e0c387b6ef83 layer=bronze module_name=lakehouse.pipeline.ingestion url='https://www.gob.mx/presidencia/es/articulos/version-estenografica-conferencia-de-prensa-de-la-presidenta-claudia-sheinbaum-pardo-del-05-de-enero-de-2026?idiom=es'
2026-07-28T15:29:36.381216Z [warning  ] Artículo duplicado, omitido    hash=92c25f93b7010eb534c7beef21dad7d5923fbbbf5409952b57f0f5e9f0aa4a2f layer=bronze module_name=lakehouse.pipeline.ingestion url='https://www.gob.mx/presidencia/es/articulos/version-estenografica-supervision-refineria-de-tula-miguel-hidalgo-atitalaquia-hidalgo?idiom=es'
2026-07-28T15:29:36.737053Z [warning  ] Artículo duplicado, omitido    hash=7f7a5273340b5b5a6ffdea95f0897fe3e7c3fdb17cda9effbf2618793f6ee401 layer=bronze module_name=lakehouse.pipeline.ingestion url='https://www.gob.mx/presidencia/es/articulos/version-estenografica-entrevista-a-la-presidenta-de-mexico-en-la-visita-al-polo-de-desarrollo-economico-para-el-bienestar-de-huamantla?idiom=es'
2026-07-28T15:29:37.163826Z [warning  ] Artículo duplicado, omitido    hash=8f9e14c0b26d816571ae028d23524d8356177cd3fc92a62d82c2bce5025543c5 layer=bronze module_name=lakehouse.pipeline.ingestion url='https://www.gob.mx/presidencia/es/articulos/version-estenografica-conferencia-de-prensa-de-la-presidenta-claudia-sheinbaum-pardo-del-02-de-enero-de-2026?idiom=es'
2026-07-28T15:29:37.510537Z [warning  ] Artículo duplicado, omitido    hash=6c32ae0eeedd3adecf94838ab2be5afda91d4f1a37e9ec4feb706963ce58e5aa layer=bronze module_name=lakehouse.pipeline.ingestion url='https://www.gob.mx/presidencia/es/articulos/version-estenografica-mensaje-de-ano-nuevo-2026-de-la-presidenta-de-mexico-claudia-sheinbaum-pardo?idiom=es'
2026-07-28T15:29:37.917762Z [warning  ] Artículo duplicado, omitido    hash=65ee96c6b469f25295da766d8560de546d067eb0ae5fec3f4d3804169c451fa1 layer=bronze module_name=lakehouse.pipeline.ingestion url='https://www.gob.mx/presidencia/es/articulos/version-estenografica-conferencia-de-prensa-de-la-presidenta-claudia-sheinbaum-pardo-del-30-de-diciembre-de-2025?idiom=es'
2026-07-28T15:29:38.359017Z [warning  ] Artículo duplicado, omitido    hash=3ed5136bca1149b32e7f1ee632112c5b58c5fdd4fa5e140abac3f7a588d02c0e layer=bronze module_name=lakehouse.pipeline.ingestion url='https://www.gob.mx/presidencia/es/articulos/version-estenografica-conferencia-de-prensa-de-la-presidenta-claudia-sheinbaum-pardo-del-29-de-diciembre-de-2025?idiom=es'
2026-07-28T15:29:38.708873Z [warning  ] Artículo duplicado, omitido    hash=8915233936aebc53812eae353e908673072b09a0054a1f1c58669a47234c031f layer=bronze module_name=lakehouse.pipeline.ingestion url='https://www.gob.mx/presidencia/es/articulos/version-estenografica-mensaje-de-navidad-2025-de-la-presidenta-de-mexico-claudia-sheinbaum-pardo-en-palacio-nacional?idiom=es'
2026-07-28T15:29:39.201119Z [warning  ] Artículo duplicado, omitido    hash=0563c4bc55eed3ad6f061c4e04c1260fceb4a1da85aded49cd5ef9e123d92774 layer=bronze module_name=lakehouse.pipeline.ingestion url='https://www.gob.mx/presidencia/es/articulos/version-estenografica-conferencia-de-prensa-de-la-presidenta-claudia-sheinbaum-pardo-del-23-de-diciembre-de-2025?idiom=es'
2026-07-28T15:29:39.640631Z [warning  ] Artículo duplicado, omitido    hash=f6f517b65f6cec5cca380db3e58d6a3fc4aef7e5e01abf3e8279cc05674163ac layer=bronze module_name=lakehouse.pipeline.ingestion url='https://www.gob.mx/presidencia/es/articulos/version-estenografica-conferencia-de-prensa-de-la-presidenta-claudia-sheinbaum-pardo-del-22-de-diciembre-de-2025?idiom=es'
2026-07-28T15:29:40.081522Z [warning  ] Artículo duplicado, omitido    hash=6437cc3e42a7f4d83887a7ee7572eb064f12d350a5770c377f3502a159cde4b9 layer=bronze module_name=lakehouse.pipeline.ingestion url='https://www.gob.mx/presidencia/es/articulos/version-estenografica-supervision-de-obra-del-tren-suburbano-lecheria-aeropuerto-internacional-felipe-angeles-aifa?idiom=es'
2026-07-28T15:29:40.466324Z [warning  ] Artículo duplicado, omitido    hash=9e029673172c587d2843e996e01808228bde5c159ae795186776c67496fba929 layer=bronze module_name=lakehouse.pipeline.ingestion url='https://www.gob.mx/presidencia/es/articulos/version-estenografica-supervision-del-tren-ciudad-de-mexico-queretaro-san-juan-del-rio-queretaro?idiom=es'
2026-07-28T15:29:40.876871Z [warning  ] Artículo duplicado, omitido    hash=af6a2bf64821bf0b3856ac0de6cdf56d1bb20e261a38f4ec401537278260061e layer=bronze module_name=lakehouse.pipeline.ingestion url='https://www.gob.mx/presidencia/es/articulos/version-estenografica-inauguracion-central-de-ciclo-combinado-el-sauz-ii-pedro-escobedo-queretaro?idiom=es'
2026-07-28T15:29:41.265654Z [warning  ] Artículo duplicado, omitido    hash=c063bcbe509de4b53ed6f4d36bafd7294fdda8eed23c2fb173f47c068b669876 layer=bronze module_name=lakehouse.pipeline.ingestion url='https://www.gob.mx/presidencia/es/articulos/version-estenografica-beca-universal-benito-juarez-para-educacion-media-superior-el-marques-queretaro?idiom=es'
2026-07-28T15:29:41.627393Z [warning  ] Artículo duplicado, omitido    hash=87387b89d1e65430ce558b1f8dbc8aaabef1281cf7b1b188dad2b014253580a1 layer=bronze module_name=lakehouse.pipeline.ingestion url='https://www.gob.mx/presidencia/es/articulos/version-estenografica-plan-integral-para-el-oriente-del-estado-de-mexico-texcoco-estado-de-mexico?idiom=es'
2026-07-28T15:29:42.089733Z [warning  ] Artículo duplicado, omitido    hash=dc230dbbcf9b71d6b4b297b3d8bc007a03c0fb47d8f871f7fa43c4cfce2ab4a8 layer=bronze module_name=lakehouse.pipeline.ingestion url='https://www.gob.mx/presidencia/es/articulos/version-estenografica-conferencia-de-prensa-de-la-presidenta-claudia-sheinbaum-pardo-del-19-de-diciembre-de-2025?idiom=es'
2026-07-28T15:29:42.507458Z [warning  ] Artículo duplicado, omitido    hash=45ebee0696ff0591fc9e074a28fa9e5cb14632b83e7744d7a4f542ed5c99f975 layer=bronze module_name=lakehouse.pipeline.ingestion url='https://www.gob.mx/presidencia/es/articulos/version-estenografica-conferencia-de-prensa-de-la-presidenta-claudia-sheinbaum-pardo-del-18-de-diciembre-de-2025?idiom=es'
2026-07-28T15:29:42.884714Z [warning  ] Artículo duplicado, omitido    hash=2dcf5e8f6fee8e823f3ddb23261d055935c1ec1c9802869b1791f531aa0c9cff layer=bronze module_name=lakehouse.pipeline.ingestion url='https://www.gob.mx/presidencia/es/articulos/version-estenografica-25-para-el-25-libros-gratuitos-para-jovenes-zocalo-de-la-ciudad-de-mexico-415367?idiom=es'
2026-07-28T15:29:43.302545Z [warning  ] Artículo duplicado, omitido    hash=ac0c9624557cca321f940ea15123d6df874edcbf7e66a1a24fb40708e16262b7 layer=bronze module_name=lakehouse.pipeline.ingestion url='https://www.gob.mx/presidencia/es/articulos/version-estenografica-conferencia-de-prensa-de-la-presidenta-claudia-sheinbaum-pardo-del-17-de-diciembre-de-2025?idiom=es'
2026-07-28T15:29:43.766808Z [warning  ] Artículo duplicado, omitido    hash=df388fb51dd6e6023c281681070e3363788e1ead8d58bce7adf2df2e36ff8947 layer=bronze module_name=lakehouse.pipeline.ingestion url='https://www.gob.mx/presidencia/es/articulos/version-estenografica-conferencia-de-prensa-de-la-presidenta-claudia-sheinbaum-pardo-del-16-de-diciembre-de-2025?idiom=es'
2026-07-28T15:29:44.217189Z [warning  ] Artículo duplicado, omitido    hash=69b7301bcdcc48ac8651dd6baa35e07b07c6f3f2f3ce9f4b10669b57edf41ec2 layer=bronze module_name=lakehouse.pipeline.ingestion url='https://www.gob.mx/presidencia/es/articulos/version-estenografica-conferencia-de-prensa-de-la-presidenta-claudia-sheinbaum-pardo-del-15-de-diciembre-de-2025?idiom=es'
2026-07-28T15:29:44.578768Z [warning  ] Artículo duplicado, omitido    hash=9f50920f571fb09dc176debec74a20f16ef10911a13b6344dde56a51a1b6d342 layer=bronze module_name=lakehouse.pipeline.ingestion url='https://www.gob.mx/presidencia/es/articulos/version-estenografica-inauguracion-del-centro-libre-para-las-mujeres-juarez-chihuahua?idiom=es'
2026-07-28T15:29:44.977697Z [warning  ] Artículo duplicado, omitido    hash=9f28bd2cf492185396668149a7d52a38a0fb617d0a7af2cf6a3a3802579888cf layer=bronze module_name=lakehouse.pipeline.ingestion url='https://www.gob.mx/presidencia/es/articulos/version-estenografica-decreto-de-propiedad-comunal-para-el-pueblo-odami-guadalupe-y-calvo-chihuahua?idiom=es'
2026-07-28T15:29:45.425528Z [warning  ] Artículo duplicado, omitido    hash=265aceeb983ccf5e8d6f1f414eebb8c57afff8e36cb5cb1f2ef61b05b38236c3 layer=bronze module_name=lakehouse.pipeline.ingestion url='https://www.gob.mx/presidencia/es/articulos/version-estenografica-consejo-nacional-de-seguridad-publica-palacio-nacional-414918?idiom=es'
2026-07-28T15:29:45.853391Z [warning  ] Artículo duplicado, omitido    hash=141b912194f42f2a737b0580614edc94ec2f6a3fd126544c672ca15d05c11456 layer=bronze module_name=lakehouse.pipeline.ingestion url='https://www.gob.mx/presidencia/es/articulos/version-estenografica-conferencia-de-prensa-de-la-presidenta-claudia-sheinbaum-pardo-del-11-de-diciembre-de-2025?idiom=es'
2026-07-28T15:29:46.316851Z [warning  ] Artículo duplicado, omitido    hash=74fab907ac3d29044eb071e176e00ed9905653dc12f15a1d30f0d35ef0158687 layer=bronze module_name=lakehouse.pipeline.ingestion url='https://www.gob.mx/presidencia/es/articulos/version-estenografica-116-asamblea-general-del-imss-e-inauguracion-del-hospital-general-no-36-puebla-puebla?idiom=es'
2026-07-28T15:29:46.731705Z [warning  ] Artículo duplicado, omitido    hash=a30ed6283b6e07361ac441b5348fc14c80074875520469786f81343a1bc55280 layer=bronze module_name=lakehouse.pipeline.ingestion url='https://www.gob.mx/presidencia/es/articulos/version-estenografica-conferencia-de-prensa-de-la-presidenta-claudia-sheinbaum-pardo-del-10-de-diciembre-de-2025?idiom=es'
2026-07-28T15:29:47.216359Z [warning  ] Artículo duplicado, omitido    hash=7a456afa4ddc771a46072630b6230c18f4fd4f3a97e9110eeb01d1917e6009b6 layer=bronze module_name=lakehouse.pipeline.ingestion url='https://www.gob.mx/presidencia/es/articulos/version-estenografica-conferencia-de-prensa-de-la-presidenta-claudia-sheinbaum-pardo-del-09-de-diciembre-de-2025?idiom=es'
2026-07-28T15:29:47.764161Z [warning  ] Artículo duplicado, omitido    hash=005b57f2ccb6f65385bcf0c74b0f6c6e315944da0bf4900fcae76cc002ca987c layer=bronze module_name=lakehouse.pipeline.ingestion url='https://www.gob.mx/presidencia/es/articulos/version-estenografica-conferencia-de-prensa-de-la-presidenta-claudia-sheinbaum-pardo-del-08-de-diciembre-de-2025?idiom=es'
2026-07-28T15:29:48.179761Z [warning  ] Artículo duplicado, omitido    hash=d3342ba9a20c6d891b9534fb273e88b8a73751eced7ff7e9b7cbee07dcb6ea79 layer=bronze module_name=lakehouse.pipeline.ingestion url='https://www.gob.mx/presidencia/es/articulos/version-estenografica-siete-anos-de-transformacion-zocalo-de-la-ciudad-de-mexico?idiom=es'
2026-07-28T15:29:48.542916Z [warning  ] Artículo duplicado, omitido    hash=6484fc9b9efdfd52cb947725422755f7353c340a6429aa03de1e0433e3e9bde4 layer=bronze module_name=lakehouse.pipeline.ingestion url='https://www.gob.mx/presidencia/es/articulos/version-estenografica-sorteo-copa-mundial-fifa-2026?idiom=es'
2026-07-28T15:29:48.933759Z [warning  ] Artículo duplicado, omitido    hash=cc4785ace61d362c73b2b86f4ae2483077d1561779e48595f6a46b9bb080ec7c layer=bronze module_name=lakehouse.pipeline.ingestion url='https://www.gob.mx/presidencia/es/articulos/version-estenografica-conferencia-de-prensa-matutina-del-05-de-diciembre-de-2025?idiom=es'
2026-07-28T15:29:49.272443Z [warning  ] Artículo duplicado, omitido    hash=96073525681cb44c4b0e0c36914976090dc481a3b2086c252953a716af397ce5 layer=bronze module_name=lakehouse.pipeline.ingestion url='https://www.gob.mx/presidencia/es/articulos/version-estenografica-siete-anos-de-transformacion-en-el-zocalo-de-la-ciudad-de-mexico?idiom=es'
2026-07-28T15:29:49.876681Z [warning  ] Artículo duplicado, omitido    hash=8df7519a677289cf79ee54d8a054d916b31021fa26f94f59f34fb854f079825f layer=bronze module_name=lakehouse.pipeline.ingestion url='https://www.gob.mx/presidencia/es/articulos/version-estenografica-conferencia-de-prensa-de-la-presidenta-claudia-sheinbaum-pardo-del-04-de-diciembre-de-2025?idiom=es'
2026-07-28T15:29:50.338962Z [warning  ] Artículo duplicado, omitido    hash=d758aad014741c8935dbb65bec00e500ab0eddc7ff06691db8780f9bc736e00f layer=bronze module_name=lakehouse.pipeline.ingestion url='https://www.gob.mx/presidencia/es/articulos/version-estenografica-conferencia-de-prensa-de-la-presidenta-claudia-sheinbaum-pardo-del-03-de-diciembre-de-2025?idiom=es'
2026-07-28T15:29:50.751574Z [warning  ] Artículo duplicado, omitido    hash=204832091fb808e2914b498d4eebbca63dae652fd4f8d4ed74666fc794052a4f layer=bronze module_name=lakehouse.pipeline.ingestion url='https://www.gob.mx/presidencia/es/articulos/version-estenografica-conferencia-de-prensa-de-la-presidenta-claudia-sheinbaum-pardo-del-02-de-diciembre-de-2025?idiom=es'
2026-07-28T15:29:51.121971Z [warning  ] Artículo duplicado, omitido    hash=c959dd5f499c5793b9af872b7f9570fed1f8de8fb0e59787b1e4770c589e3d86 layer=bronze module_name=lakehouse.pipeline.ingestion url='https://www.gob.mx/presidencia/es/articulos/version-estenografica-conferencia-de-prensa-mexico-singapur-palacio-nacional?idiom=es'
2026-07-28T15:29:51.566648Z [warning  ] Artículo duplicado, omitido    hash=82687480b69c40ef2a3c6be17bd40ccde0ba533739c93090bb3f5e3e30c01767 layer=bronze module_name=lakehouse.pipeline.ingestion url='https://www.gob.mx/presidencia/es/articulos/version-estenografica-conferencia-de-prensa-de-la-presidenta-claudia-sheinbaum-pardo-del-01-de-diciembre-de-2025?idiom=es'
2026-07-28T15:29:52.123072Z [warning  ] Artículo duplicado, omitido    hash=ab6bf4f8495a5cf0906c9fc90338340823675cbfc02caf0fd739558bd8a63c33 layer=bronze module_name=lakehouse.pipeline.ingestion url='https://www.gob.mx/presidencia/es/articulos/version-estenografica-reapertura-hospital-general-del-issste-cuernavaca-morelos?idiom=es'
2026-07-28T15:29:52.482287Z [warning  ] Artículo duplicado, omitido    hash=442dbfe8e6301dc81ea93d2365f488b7f900ed5f153e7ee08c57adad5202c1af layer=bronze module_name=lakehouse.pipeline.ingestion url='https://www.gob.mx/presidencia/es/articulos/version-estenografica-pension-mujeres-bienestar-puerto-morelos-quintana-roo?idiom=es'
2026-07-28T15:29:52.943684Z [warning  ] Artículo duplicado, omitido    hash=c0fcebfb0592fb74ae3a64d5f63c845a63413dddce19c4bf943ae38a076930f2 layer=bronze module_name=lakehouse.pipeline.ingestion url='https://www.gob.mx/presidencia/es/articulos/version-estenografica-vivienda-para-el-bienestar-playa-del-carmen-quintana-roo?idiom=es'
2026-07-28T15:29:53.297124Z [warning  ] Artículo duplicado, omitido    hash=add912afcfb576fa9f048866f8c6ea88988f9499402f3d62215f2cb4ceb98bda layer=bronze module_name=lakehouse.pipeline.ingestion url='https://www.gob.mx/presidencia/es/articulos/version-estenografica-premio-nacional-de-deportes-2025-palacio-nacional?idiom=es'
2026-07-28T15:29:53.887574Z [warning  ] Artículo duplicado, omitido    hash=a9624a2920f057dde6f13d7b93a8bad37de1df938222249f8a8af90be7e7e5e8 layer=bronze module_name=lakehouse.pipeline.ingestion url='https://www.gob.mx/presidencia/es/articulos/version-estenografica-conferencia-de-prensa-de-la-presidenta-claudia-sheinbaum-pardo-del-28-de-noviembre-de-2025?idiom=es'
2026-07-28T15:29:54.302035Z [warning  ] Artículo duplicado, omitido    hash=c272bd58258c0ef1e62888810d5f0321849d8a4cbf11b3538836838039e4a1dd layer=bronze module_name=lakehouse.pipeline.ingestion url='https://www.gob.mx/presidencia/es/articulos/version-estenografica-reconocimiento-a-las-y-los-servidores-publicos-por-apoyo-tras-lluvias-zumpango-estado-de-mexico?idiom=es'
2026-07-28T15:29:54.768556Z [warning  ] Artículo duplicado, omitido    hash=e799c7f1ecf427c48105ebb4e4102a3bc6f8ab3db65ccc94aa4ef9d4f37f438f layer=bronze module_name=lakehouse.pipeline.ingestion url='https://www.gob.mx/presidencia/es/articulos/version-estenografica-conferencia-de-prensa-de-la-presidenta-claudia-sheinbaum-pardo-del-27-de-noviembre-de-2025?idiom=es'
2026-07-28T15:29:55.174826Z [warning  ] Artículo duplicado, omitido    hash=01e91dcbcb8a272addfcb71b9c7eb548a58312ba3c86f09b21373100ee0eddd8 layer=bronze module_name=lakehouse.pipeline.ingestion url='https://www.gob.mx/presidencia/es/articulos/version-estenografica-cumbre-nacional-de-desarrollo-tecnologico-emprendimiento-e-innovacion-pachuca-hidalgo?idiom=es'
2026-07-28T15:29:55.710304Z [warning  ] Artículo duplicado, omitido    hash=0ee046f5b94bfc760e4600bff289e35af6e0cfd7d189646e3cc1c2582b76ee10 layer=bronze module_name=lakehouse.pipeline.ingestion url='https://www.gob.mx/presidencia/es/articulos/version-estenografica-conferencia-de-prensa-de-la-presidenta-claudia-sheinbaum-pardo-del-26-de-noviembre-de-2025?idiom=es'
2026-07-28T15:29:56.156533Z [warning  ] Artículo duplicado, omitido    hash=1b5a08a76bbc1fbbdc6e02d7fd735ff9d1bcd8f4166545360bcb91c279838013 layer=bronze module_name=lakehouse.pipeline.ingestion url='https://www.gob.mx/presidencia/es/articulos/version-estenografica-conferencia-de-prensa-de-la-presidenta-claudia-sheinbaum-pardo-del-25-de-noviembre-de-2025?idiom=es'
2026-07-28T15:29:56.774708Z [warning  ] Artículo duplicado, omitido    hash=00629ec36bf2486876c03b6d0e63efc35959d2c13c5f32fb723bc2bb52d8c33c layer=bronze module_name=lakehouse.pipeline.ingestion url='https://www.gob.mx/presidencia/es/articulos/version-estenografica-conferencia-de-prensa-de-la-presidenta-claudia-sheinbaum-pardo-del-24-de-noviembre-de-2025?idiom=es'
2026-07-28T15:29:57.209904Z [warning  ] Artículo duplicado, omitido    hash=8f23248a278f700adb9a9d3bec73791f075a6abf692514094986b40a3f775294 layer=bronze module_name=lakehouse.pipeline.ingestion url='https://www.gob.mx/presidencia/es/articulos/version-estenografica-bicentenario-de-la-consolidacion-de-la-independencia-en-el-mar-veracruz-veracruz?idiom=es'
2026-07-28T15:29:57.610870Z [warning  ] Artículo duplicado, omitido    hash=b2ddc74b90abc52e6b087cb5a0ee17e67fa2f3c50078c1d4dc31723ecf413de3 layer=bronze module_name=lakehouse.pipeline.ingestion url='https://www.gob.mx/presidencia/es/articulos/version-estenografica-plan-general-lazaro-cardenas-en-la-mixteca-san-pedro-y-san-pablo-teposcolula-oaxaca?idiom=es'
2026-07-28T15:29:58.014097Z [warning  ] Artículo duplicado, omitido    hash=ecbd7e68c14252eab7808174d9c796f260b74633f008159ef7b9f615b9948273 layer=bronze module_name=lakehouse.pipeline.ingestion url='https://www.gob.mx/presidencia/es/articulos/version-estenografica-inauguracion-del-hospital-general-de-especialidades-no-13-del-imss-tuxtla-gutierrez-chiapas?idiom=es'
2026-07-28T15:29:58.465564Z [warning  ] Artículo duplicado, omitido    hash=06cb6513f37eb545315527f7da1595798851adbf87e234cf93d7dd24cac69df0 layer=bronze module_name=lakehouse.pipeline.ingestion url='https://www.gob.mx/presidencia/es/articulos/version-estenografica-conferencia-de-prensa-de-la-presidenta-claudia-sheinbaum-pardo-del-21-de-noviembre-de-2025?idiom=es'
2026-07-28T15:29:58.977111Z [warning  ] Artículo duplicado, omitido    hash=e8448c38ff317be62fbabbab0ac902b75467045b03669eb1c8a6ff21d60f5250 layer=bronze module_name=lakehouse.pipeline.ingestion url='https://www.gob.mx/presidencia/es/articulos/version-estenografica-115-aniversario-de-la-revolucion-mexicana-ciudad-de-mexico?idiom=es'
2026-07-28T15:29:59.448342Z [warning  ] Artículo duplicado, omitido    hash=ff6764bf8f29bb7bec59c65fd1fa50069652e38a8d80985baaf1aba05839562d layer=bronze module_name=lakehouse.pipeline.ingestion url='https://www.gob.mx/presidencia/es/articulos/version-estenografica-conferencia-de-prensa-de-la-presidenta-claudia-sheinbaum-pardo-del-19-de-noviembre-de-2025?idiom=es'
2026-07-28T15:29:59.795029Z [warning  ] Artículo duplicado, omitido    hash=8f35d1fa06fc5a440b87d49951d46d33109b1302e49c28527408839c576acae7 layer=bronze module_name=lakehouse.pipeline.ingestion url='https://www.gob.mx/presidencia/es/articulos/version-estenografica-renovacion-del-paquete-contra-la-inflacion-y-la-carestia-pacic-palacio-nacional?idiom=es'
2026-07-28T15:30:00.233747Z [warning  ] Artículo duplicado, omitido    hash=23e6b4a56b6c57cce9f1f03e7f1e29809336cd70bf1a1e65c401325ca2260ca7 layer=bronze module_name=lakehouse.pipeline.ingestion url='https://www.gob.mx/presidencia/es/articulos/version-estenografica-conferencia-de-prensa-de-la-presidenta-claudia-sheinbaum-pardo-del-18-de-noviembre-de-2025?idiom=es'
2026-07-28T15:30:00.706117Z [warning  ] Artículo duplicado, omitido    hash=93d30cb43a2ee65aeaeb648ff1eff99208872c13113402cb733f3393c84280c5 layer=bronze module_name=lakehouse.pipeline.ingestion url='https://www.gob.mx/presidencia/es/articulos/version-estenografica-conferencia-de-prensa-de-la-presidenta-claudia-sheinbaum-pardo-del-17-de-noviembre-de-2025?idiom=es'
2026-07-28T15:30:01.159056Z [warning  ] Artículo duplicado, omitido    hash=becf5efadad9f0696c09efc561d20c2ce1ba3bfef0ae18ccb197dae87d39ace7 layer=bronze module_name=lakehouse.pipeline.ingestion url='https://www.gob.mx/presidencia/es/articulos/version-estenografica-chocolate-bienestar-centro-tabasco?idiom=es'
2026-07-28T15:30:01.573444Z [warning  ] Artículo duplicado, omitido    hash=717c28ee4d26210f28a03d8268eccceaf3a3c7765f8ca3fe3d627c087af8830f layer=bronze module_name=lakehouse.pipeline.ingestion url='https://www.gob.mx/presidencia/es/articulos/version-estenografica-supervision-de-obra-ampliacion-carretera-macuspana-escarcega-macuspana-tabasco?idiom=es'
2026-07-28T15:30:02.137106Z [warning  ] Artículo duplicado, omitido    hash=809bf3d5c7d717b9f6f8048284d780e33781d3066c61bfe9cda56b90e2cd0c58 layer=bronze module_name=lakehouse.pipeline.ingestion url='https://www.gob.mx/presidencia/es/articulos/version-estenografica-becas-benito-juarez-jonuta-tabasco?idiom=es'
2026-07-28T15:30:02.540979Z [warning  ] Artículo duplicado, omitido    hash=d82df17c9ccec00a6916632df982e7a0c89d88347267f39fe1aa6533cd4e63e0 layer=bronze module_name=lakehouse.pipeline.ingestion url='https://www.gob.mx/presidencia/es/articulos/version-estenografica-pension-mujeres-bienestar-palizada-campeche?idiom=es'
2026-07-28T15:30:02.951217Z [warning  ] Artículo duplicado, omitido    hash=8472474b86ab7df8d5b2f3a99e694b1e24fc26688d7aa38272e84852596a11e4 layer=bronze module_name=lakehouse.pipeline.ingestion url='https://www.gob.mx/presidencia/es/articulos/version-estenografica-plan-campeche-champoton-campeche?idiom=es'
2026-07-28T15:30:03.332041Z [warning  ] Artículo duplicado, omitido    hash=14b93589d6df3ee5b870ddd6119851acd9c80177894dbaf669f3bcae677befb9 layer=bronze module_name=lakehouse.pipeline.ingestion url='https://www.gob.mx/presidencia/es/articulos/version-estenografica-inicio-de-obras-acueducto-de-campeche?idiom=es'
2026-07-28T15:30:03.946365Z [warning  ] Artículo duplicado, omitido    hash=817ca4869dca30ba45a8b4d8667e64ae3bacb07e94f1c32871679c221a461434 layer=bronze module_name=lakehouse.pipeline.ingestion url='https://www.gob.mx/presidencia/es/articulos/version-estenografica-conferencia-de-prensa-de-la-presidenta-claudia-sheinbaum-pardo-del-14-de-noviembre-de-2025?idiom=es'
2026-07-28T15:30:04.486588Z [warning  ] Artículo duplicado, omitido    hash=a16256823b87d9888c465ee66f518698a9e7badd502f2590b0de2624d52a8d94 layer=bronze module_name=lakehouse.pipeline.ingestion url='https://www.gob.mx/presidencia/es/articulos/version-estenografica-inicio-de-operaciones-clinicas-de-medicina-familiar-issste-tecamac-estado-de-mexico?idiom=es'
2026-07-28T15:30:04.884458Z [warning  ] Artículo duplicado, omitido    hash=100b96bef4e371e99f04ac5c6e42c1494fa70045a3a18754d363a427535f4e28 layer=bronze module_name=lakehouse.pipeline.ingestion url='https://www.gob.mx/presidencia/es/articulos/version-estenografica-inicio-de-obra-conversion-de-plantel-para-bachillerato-zumpango-estado-de-mexico?idiom=es'
2026-07-28T15:30:05.338961Z [warning  ] Artículo duplicado, omitido    hash=4888463fbd3442f8249f0f9b30ba16f7add6c18168daff18d692409bf131ba19 layer=bronze module_name=lakehouse.pipeline.ingestion url='https://www.gob.mx/presidencia/es/articulos/version-estenografica-conferencia-de-prensa-de-la-presidenta-claudia-sheinbaum-pardo-del-13-de-noviembre-de-2025?idiom=es'
2026-07-28T15:30:05.751084Z [warning  ] Artículo duplicado, omitido    hash=95c826e40de035ced84cd046e03734394885fa3bacc224cd2cd457233d4b7ced layer=bronze module_name=lakehouse.pipeline.ingestion url='https://www.gob.mx/presidencia/es/articulos/version-estenografica-conferencia-de-prensa-de-la-presidenta-claudia-sheinbaum-pardo-del-12-de-noviembre-de-2025?idiom=es'
2026-07-28T15:30:06.192407Z [warning  ] Artículo duplicado, omitido    hash=13796969bbe3c2695e248f3c9ee8062d5ad44d68b9d7f41b06f16b792be1abd1 layer=bronze module_name=lakehouse.pipeline.ingestion url='https://www.gob.mx/presidencia/es/articulos/version-estenografica-conferencia-de-prensa-de-la-presidenta-claudia-sheinbaum-pardo-del-11-de-noviembre-de-2025?idiom=es'
2026-07-28T15:30:06.703212Z [warning  ] Artículo duplicado, omitido    hash=a3c56f746e96fe5d5c7996c6cc79b0a731c2ada951f572e391f3b68971f9da40 layer=bronze module_name=lakehouse.pipeline.ingestion url='https://www.gob.mx/presidencia/es/articulos/version-estenografica-presentacion-copa-mundial-fifa-2026-complejo-cultural-los-pinos?idiom=es'
2026-07-28T15:30:07.135599Z [warning  ] Artículo duplicado, omitido    hash=19f1e2a7041415368b3cf64ff51b775744eaa3d71ad76d7f1f9cd7cf57f1a071 layer=bronze module_name=lakehouse.pipeline.ingestion url='https://www.gob.mx/presidencia/es/articulos/version-estenografica-plan-michoacan-por-la-paz-y-la-justicia-palacio-nacional?idiom=es'
2026-07-28T15:30:07.484451Z [warning  ] Artículo duplicado, omitido    hash=ca2db696f59429f5acbbbf6fd4b9d8816b0290e09d7c413c7cf9ba60ded8e4c5 layer=bronze module_name=lakehouse.pipeline.ingestion url='https://www.gob.mx/presidencia/es/articulos/version-estenografica-inauguracion-de-la-carretera-tepic-compostela?idiom=es'
2026-07-28T15:30:07.934059Z [warning  ] Artículo duplicado, omitido    hash=0cd8395ced23836ca49eb9898af3de247ce1909b009d3d45a3fd0fa688d0cf55 layer=bronze module_name=lakehouse.pipeline.ingestion url='https://www.gob.mx/presidencia/es/articulos/version-estenografica-entrega-de-escrituras?idiom=es'
2026-07-28T15:30:08.381887Z [warning  ] Artículo duplicado, omitido    hash=67f30cf93c924bd5d4aa4ec0a08e83de3194204f50b2bc3001f5773458532cd1 layer=bronze module_name=lakehouse.pipeline.ingestion url='https://www.gob.mx/presidencia/es/articulos/version-estenografica-conferencia-de-prensa-mexico-francia?idiom=es'
2026-07-28T15:30:09.837311Z [warning  ] Artículo duplicado, omitido    hash=0f4c9c69faa996e2824c386d0e9e1cc87df3bf5c99936d5cd1949f7982684fa8 layer=bronze module_name=lakehouse.pipeline.ingestion url='https://www.gob.mx/presidencia/es/articulos/version-estenografica-conferencia-de-prensa-de-la-presidenta-claudia-sheinbaum-pardo-del-07-de-noviembre-de-2025?idiom=es'
2026-07-28T15:30:10.251098Z [warning  ] Artículo duplicado, omitido    hash=2a8cb5283d6d98c1581f3640aec162c65ac0beb634f1b563baecb175a716c986 layer=bronze module_name=lakehouse.pipeline.ingestion url='https://www.gob.mx/presidencia/es/articulos/version-estenografica-centro-publico-de-formacion-en-inteligencia-artificial?idiom=es'
2026-07-28T15:30:11.343894Z [warning  ] Artículo duplicado, omitido    hash=a6ca28b37eae8a22f1bd5019526d515371d4fe4e95449da7f9942fbfda936ec9 layer=bronze module_name=lakehouse.pipeline.ingestion url='https://www.gob.mx/presidencia/es/articulos/version-estenografica-conferencia-de-prensa-de-la-presidenta-claudia-sheinbaum-pardo-del-06-de-noviembre-de-2025?idiom=es'
2026-07-28T15:30:11.830254Z [warning  ] Artículo duplicado, omitido    hash=2087827bb3b9bbbaad959c6f2341c36074bff67a0f9b269514b6b9aa8cde9b47 layer=bronze module_name=lakehouse.pipeline.ingestion url='https://www.gob.mx/presidencia/es/articulos/version-estenografica-conferencia-de-prensa-de-la-presidenta-claudia-sheinbaum-pardo-del-05-de-noviembre-de-2025?idiom=es'
2026-07-28T15:30:12.251427Z [warning  ] Artículo duplicado, omitido    hash=8e6944a3104d1ad34d13a3c2053fe66f354da150a6f915320c87bbdaa804c870 layer=bronze module_name=lakehouse.pipeline.ingestion url='https://www.gob.mx/presidencia/es/articulos/version-estenografica-reunion-nacional-de-universidades-e-instituciones-publicas-de-educacion-superior-ciudad-de-mexico?idiom=es'
2026-07-28T15:30:12.671332Z [warning  ] Artículo duplicado, omitido    hash=1a53315a34ca907870f0197304199825ba393ee3350a3593a37157d3e37106fb layer=bronze module_name=lakehouse.pipeline.ingestion url='https://www.gob.mx/presidencia/es/articulos/version-estenografica-conferencia-de-prensa-de-la-presidenta-claudia-sheinbaum-pardo-del-04-de-noviembre-de-2025?idiom=es'
2026-07-28T15:30:13.131173Z [warning  ] Artículo duplicado, omitido    hash=23edd15edd9f853b33aaf407f5d1fb7ee87825eecce583a050c909ded5484832 layer=bronze module_name=lakehouse.pipeline.ingestion url='https://www.gob.mx/presidencia/es/articulos/version-estenografica-conferencia-de-prensa-de-la-presidenta-claudia-sheinbaum-pardo-del-03-de-noviembre-de-2025?idiom=es'
2026-07-28T15:30:13.461913Z [warning  ] Artículo duplicado, omitido    hash=184431319f69982a08cf7b270457e9cb7a256b6753edb89fb85d31c0ffde996d layer=bronze module_name=lakehouse.pipeline.ingestion url='https://www.gob.mx/presidencia/es/articulos/version-estenografica-mensaje-de-la-presidenta-de-mexico-claudia-sheinbaum-pardo-dia-de-muertos-dedicado-a-las-ancestras-de-mexico?idiom=es'
2026-07-28T15:30:13.902327Z [warning  ] Artículo duplicado, omitido    hash=9fa0c402dc1ee7c56c4f173c9c581b92d97a7c1532b7ec8f5966839568833732 layer=bronze module_name=lakehouse.pipeline.ingestion url='https://www.gob.mx/presidencia/es/articulos/version-estenografica-conferencia-de-prensa-de-la-presidenta-claudia-sheinbaum-pardo-del-31-de-octubre-de-2025?idiom=es'
2026-07-28T15:30:14.301608Z [warning  ] Artículo duplicado, omitido    hash=27b96a2ab0a4a01a7cd002aa737eb1b2e7dd482f5219037614b914e649677b16 layer=bronze module_name=lakehouse.pipeline.ingestion url='https://www.gob.mx/presidencia/es/articulos/version-estenografica-mensaje-de-la-presidenta-de-mexico-claudia-sheinbaum-pardo-avances-en-atencion-a-emergencia-por-lluvias?idiom=es'
2026-07-28T15:30:14.726704Z [warning  ] Artículo duplicado, omitido    hash=082e1e50c1891932c5bdeb8e0e99f0383277d98343d74e6c4ca5e8004310c1cd layer=bronze module_name=lakehouse.pipeline.ingestion url='https://www.gob.mx/presidencia/es/articulos/version-estenografica-conferencia-de-prensa-de-la-presidenta-claudia-sheinbaum-pardo-del-30-de-octubre-de-2025?idiom=es'
2026-07-28T15:30:15.182836Z [warning  ] Artículo duplicado, omitido    hash=6488d5b084ef7bf1bbe1b5ecca38421f00ad3480ca72e7d3e5711e0e90e3b206 layer=bronze module_name=lakehouse.pipeline.ingestion url='https://www.gob.mx/presidencia/es/articulos/version-estenografica-conferencia-de-prensa-de-la-presidenta-claudia-sheinbaum-pardo-del-29-de-octubre-de-2025?idiom=es'
2026-07-28T15:30:15.667161Z [warning  ] Artículo duplicado, omitido    hash=81da133b6551771c3f2e435d807fec535f8d2e6a5548bd5d9e0656fdf259455d layer=bronze module_name=lakehouse.pipeline.ingestion url='https://www.gob.mx/presidencia/es/articulos/version-estenografica-conferencia-de-prensa-de-la-presidenta-claudia-sheinbaum-pardo-del-28-de-octubre-de-2025?idiom=es'
2026-07-28T15:30:16.103714Z [warning  ] Artículo duplicado, omitido    hash=d49124918fcf1576d721a9c413eae0841608df4877da588ef3486b8caf3c7706 layer=bronze module_name=lakehouse.pipeline.ingestion url='https://www.gob.mx/presidencia/es/articulos/version-estenografica-conferencia-de-prensa-de-la-presidenta-claudia-sheinbaum-pardo-del-27-de-octubre-de-2025?idiom=es'
2026-07-28T15:30:16.512536Z [warning  ] Artículo duplicado, omitido    hash=b267871c1fb5b5410b7d6119b3da1941ca53c0516e52a265319ad1b0e434fee8 layer=bronze module_name=lakehouse.pipeline.ingestion url='https://www.gob.mx/presidencia/es/articulos/version-estenografica-recorrido-a-bordo-del-tren-mexico-toluca-el-insurgente?idiom=es'
2026-07-28T15:30:16.848363Z [warning  ] Artículo duplicado, omitido    hash=d06be74bfe5c7374de14b49346bb4f3a3203fd83763199135a8abc6832289126 layer=bronze module_name=lakehouse.pipeline.ingestion url='https://www.gob.mx/presidencia/es/articulos/version-estenografica-mensaje-de-la-presidenta-de-mexico-claudia-sheinbaum-pardo-411406?idiom=es'
2026-07-28T15:30:17.250661Z [warning  ] Artículo duplicado, omitido    hash=077d336dd3dc18bb344c8a1f9c578fc7126159beebf39bd5d645beda2f81eee1 layer=bronze module_name=lakehouse.pipeline.ingestion url='https://www.gob.mx/presidencia/es/articulos/version-estenografica-inauguracion-de-la-universidad-nacional-rosario-castellanos-unrc-plantel-chalco?idiom=es'
2026-07-28T15:30:17.619591Z [warning  ] Artículo duplicado, omitido    hash=b53d25566fac1dcf019cb1804cf26f14cdf8631ee4c3524cb82dac5019e7c1a7 layer=bronze module_name=lakehouse.pipeline.ingestion url='https://www.gob.mx/presidencia/es/articulos/version-estenografica-supervision-del-tren-mexico-pachuca?idiom=es'
2026-07-28T15:30:18.193291Z [warning  ] Artículo duplicado, omitido    hash=5e5dbcb77892bd62190070503624c6e18af61642c178b5bfff5d2f975e73e1b0 layer=bronze module_name=lakehouse.pipeline.ingestion url='https://www.gob.mx/presidencia/es/articulos/version-estenografica-conferencia-de-prensa-de-la-presidenta-claudia-sheinbaum-pardo-del-24-de-octubre-de-2025?idiom=es'
2026-07-28T15:30:18.714960Z [warning  ] Artículo duplicado, omitido    hash=72a41bc2e7b0f4fb40cb1612422d0032b4d8c64254fba16bb1624fd6455c8166 layer=bronze module_name=lakehouse.pipeline.ingestion url='https://www.gob.mx/presidencia/es/articulos/version-estenografica-conferencia-de-prensa-de-la-presidenta-claudia-sheinbaum-pardo-del-23-de-octubre-de-2025?idiom=es'
2026-07-28T15:30:19.123464Z [warning  ] Artículo duplicado, omitido    hash=12fcf4f3f4b30d97c1007abde956670ec9f7e294a701fb4a406b2d98b549b616 layer=bronze module_name=lakehouse.pipeline.ingestion url='https://www.gob.mx/presidencia/es/articulos/version-estenografica-conferencia-de-prensa-de-la-presidenta-claudia-sheinbaum-pardo-del-22-de-octubre-de-2025?idiom=es'
2026-07-28T15:30:19.494773Z [warning  ] Artículo duplicado, omitido    hash=0ac5b76fe85fbdedb2b9bcc80841c0b307bf7a286b9afc50294c7ebd93cb1d86 layer=bronze module_name=lakehouse.pipeline.ingestion url='https://www.gob.mx/presidencia/es/articulos/version-estenografica-mensaje-de-la-presidenta-de-mexico-claudia-sheinbaum-pardo-avance-en-la-atencion-a-emergencia-por-lluvias?idiom=es'
2026-07-28T15:30:19.902030Z [warning  ] Artículo duplicado, omitido    hash=4c7fdb05ce3eeb33989b4ac0e9feb61a2de9a4beb0b345408b0739063af8ef93 layer=bronze module_name=lakehouse.pipeline.ingestion url='https://www.gob.mx/presidencia/es/articulos/version-estenografica-conferencia-de-prensa-de-la-presidenta-claudia-sheinbaum-pardo-del-21-de-octubre-de-2025?idiom=es'
2026-07-28T15:30:20.347252Z [warning  ] Artículo duplicado, omitido    hash=9143db906207b32ca5c4ef94d76c597a68481c53b502f14155f56a5d477730d8 layer=bronze module_name=lakehouse.pipeline.ingestion url='https://www.gob.mx/presidencia/es/articulos/version-estenografica-conferencia-de-prensa-de-la-presidenta-claudia-sheinbaum-pardo-del-20-de-octubre-de-2025?idiom=es'
2026-07-28T15:30:20.741894Z [warning  ] Artículo duplicado, omitido    hash=3b1f2f857c41ba0a2ccdfb219ce610c9be0e5c456586234da9a25c9a504572f5 layer=bronze module_name=lakehouse.pipeline.ingestion url='https://www.gob.mx/presidencia/es/articulos/version-estenografica-mensaje-de-la-presidenta-de-mexico-claudia-sheinbaum-pardo-monitoreo-del-rio-panuco?idiom=es'
2026-07-28T15:30:21.367003Z [warning  ] Artículo duplicado, omitido    hash=f71abcb610e276e5e61154889b132228913014d804220a5b478254cac6e20350 layer=bronze module_name=lakehouse.pipeline.ingestion url='https://www.gob.mx/presidencia/es/articulos/version-estenografica-conferencia-de-prensa-de-la-presidenta-claudia-sheinbaum-pardo-del-17-de-octubre-de-2025?idiom=es'
2026-07-28T15:30:21.733596Z [warning  ] Artículo duplicado, omitido    hash=3e54faa06ef7d1e08b59ec8ba67d0ed0c5473a870dd6a92f0db94c3f4f6dfea1 layer=bronze module_name=lakehouse.pipeline.ingestion url='https://www.gob.mx/presidencia/es/articulos/version-estenografica-mensaje-de-la-presidenta-de-mexico-claudia-sheinbaum-pardo-resultado-de-esfuerzos-en-beneficio-de-cinco-estados?idiom=es'
2026-07-28T15:30:22.240566Z [warning  ] Artículo duplicado, omitido    hash=5fc6f8105fa5b50447486a82d6e6e9b180a721621d17daaae4494c803c3bfd3b layer=bronze module_name=lakehouse.pipeline.ingestion url='https://www.gob.mx/presidencia/es/articulos/version-estenografica-conferencia-de-prensa-de-la-presidenta-claudia-sheinbaum-pardo-del-16-de-octubre-de-2025?idiom=es'
2026-07-28T15:30:22.678575Z [warning  ] Artículo duplicado, omitido    hash=7f9d68dcc6b1d64135e1244ced25098b8efa5fe2f0476a39d0927b5c7ba3dfce layer=bronze module_name=lakehouse.pipeline.ingestion url='https://www.gob.mx/presidencia/es/articulos/version-estenografica-conferencia-de-prensa-de-la-presidenta-claudia-sheinbaum-pardo-del-15-de-octubre-de-2025?idiom=es'
2026-07-28T15:30:23.246342Z [warning  ] Artículo duplicado, omitido    hash=866bb183214703296aa8f72f0d0d3ab2795ff924c680045b02eefe8bd7aa2d4c layer=bronze module_name=lakehouse.pipeline.ingestion url='https://www.gob.mx/presidencia/es/articulos/version-estenografica-conferencia-de-prensa-de-la-presidenta-claudia-sheinbaum-pardo-del-14-de-octubre-de-2025?idiom=es'
2026-07-28T15:30:23.715698Z [warning  ] Artículo duplicado, omitido    hash=06d97abf28a411fcaa96a6c21fa1a56b1a91bb9b17b8afaf3510912a15d75985 layer=bronze module_name=lakehouse.pipeline.ingestion url='https://www.gob.mx/presidencia/es/articulos/version-estenografica-conferencia-de-prensa-de-la-presidenta-claudia-sheinbaum-pardo-del-13-de-octubre-de-2025?idiom=es'
2026-07-28T15:30:24.066811Z [warning  ] Artículo duplicado, omitido    hash=818c06ee198e23644803fcb21f277c569a2a1b9e3450ee7978d325b7d45c1c28 layer=bronze module_name=lakehouse.pipeline.ingestion url='https://www.gob.mx/presidencia/es/articulos/version-estenografica-mensaje-de-la-presidenta-de-mexico-claudia-sheinbaum-pardo-desde-el-centro-de-comando-permanente-en-veracruz?idiom=es'
2026-07-28T15:30:24.557547Z [warning  ] Artículo duplicado, omitido    hash=348f895308dcba344175f1268459d6eef0c969e94ca273b95566ee04430be616 layer=bronze module_name=lakehouse.pipeline.ingestion url='https://www.gob.mx/presidencia/es/articulos/version-estenografica-mensaje-de-la-presidenta-de-mexico-claudia-sheinbaum-pardo-410316?idiom=es'
2026-07-28T15:30:24.993850Z [warning  ] Artículo duplicado, omitido    hash=c59de8c7034f98f59fbb027a83cc5d680371d2f56be38fd5e8678001248a491c layer=bronze module_name=lakehouse.pipeline.ingestion url='https://www.gob.mx/presidencia/es/articulos/version-estenografica-conferencia-de-prensa-de-la-presidenta-claudia-sheinbaum-pardo-del-10-de-octubre-de-2025-410188?idiom=es'
2026-07-28T15:30:25.412581Z [warning  ] Artículo duplicado, omitido    hash=6454615818e9ff90ea96bb443e7367fbdc6ae014e1dc6c13ae673581be783773 layer=bronze module_name=lakehouse.pipeline.ingestion url='https://www.gob.mx/presidencia/es/articulos/version-estenografica-conferencia-de-prensa-de-la-presidenta-claudia-sheinbaum-pardo-del-09-de-octubre-de-2025?idiom=es'
2026-07-28T15:30:25.827216Z [warning  ] Artículo duplicado, omitido    hash=796f6633761ddf5174d944f9b9d65a91ede98e23b7b650adcac5d2e200c7cff8 layer=bronze module_name=lakehouse.pipeline.ingestion url='https://www.gob.mx/presidencia/es/articulos/version-estenografica-conferencia-de-prensa-de-la-presidenta-claudia-sheinbaum-pardo-del-08-de-octubre-de-2025?idiom=es'
2026-07-28T15:30:26.253591Z [warning  ] Artículo duplicado, omitido    hash=af467233643b4d618359c62c6b32cc31eaf9e0fb07443960e3e3907a26393fcc layer=bronze module_name=lakehouse.pipeline.ingestion url='https://www.gob.mx/presidencia/es/articulos/version-estenografica-conferencia-de-prensa-de-la-presidenta-claudia-sheinbaum-pardo-del-07-de-octubre-de-2025?idiom=es'
2026-07-28T15:30:26.684282Z [warning  ] Artículo duplicado, omitido    hash=d2474e402ce47ee05c44a6c5866b040f3640c894afd1def2fd104b1792e0a262 layer=bronze module_name=lakehouse.pipeline.ingestion url='https://www.gob.mx/presidencia/es/articulos/version-estenografica-conferencia-de-prensa-de-la-presidenta-claudia-sheinbaum-pardo-del-06-de-octubre-de-2025?idiom=es'
2026-07-28T15:30:27.091845Z [warning  ] Artículo duplicado, omitido    hash=c1ec1d4a727acc86a1667462220398664abdffc4153d5ee29fc30720d23e67c3 layer=bronze module_name=lakehouse.pipeline.ingestion url='https://www.gob.mx/presidencia/es/articulos/version-estenografica-la-transformacion-avanza-zocalo-de-la-ciudad-de-mexico?idiom=es'
2026-07-28T15:30:27.487200Z [warning  ] Artículo duplicado, omitido    hash=ea083053360e4ee515659d11726886028906577a6b57465b0c4a1a60aff97142 layer=bronze module_name=lakehouse.pipeline.ingestion url='https://www.gob.mx/presidencia/es/articulos/version-estenografica-conferencia-de-prensa-de-la-presidenta-claudia-sheinbaum-pardo-del-03-de-octubre-de-2025?idiom=es'
2026-07-28T15:30:27.914171Z [warning  ] Artículo duplicado, omitido    hash=1dc332732bab78a60879288f988c1a2d345a29bdd4f7fc24765d667aa7ddfc84 layer=bronze module_name=lakehouse.pipeline.ingestion url='https://www.gob.mx/presidencia/es/articulos/version-estenografica-conferencia-de-prensa-de-la-presidenta-claudia-sheinbaum-pardo-del-02-de-octubre-de-2025?idiom=es'
2026-07-28T15:30:28.360116Z [warning  ] Artículo duplicado, omitido    hash=3a4e9456689cb6ecbee32696c32bb86040c0ed4284a5fc24a1adb0d7f86b16ba layer=bronze module_name=lakehouse.pipeline.ingestion url='https://www.gob.mx/presidencia/es/articulos/version-estenografica-conferencia-de-prensa-de-la-presidenta-claudia-sheinbaum-pardo-del-01-de-octubre-de-2025?idiom=es'
2026-07-28T15:30:28.749512Z [warning  ] Artículo duplicado, omitido    hash=85b67566a44857588e2a2b69beba4e986fcff094fa50288e5ed36215e8dcef4d layer=bronze module_name=lakehouse.pipeline.ingestion url='https://www.gob.mx/presidencia/es/articulos/version-estenografica-la-transformacion-avanza-en-morelos?idiom=es'
2026-07-28T15:30:29.094336Z [warning  ] Artículo duplicado, omitido    hash=bac965c9d8454df2f3d1c1611c16f0407b4e5380f976fe77229991ae4be54a4a layer=bronze module_name=lakehouse.pipeline.ingestion url='https://www.gob.mx/presidencia/es/articulos/version-estenografica-supervision-tras-lluvias-en-oriente-de-la-zona-metropolitana-del-valle-de-mexico?idiom=es'
2026-07-28T15:30:29.509907Z [warning  ] Artículo duplicado, omitido    hash=7df6ab21b57b56d94a4f4263b8637a0922551331ae26bbd72ac05f96481a8321 layer=bronze module_name=lakehouse.pipeline.ingestion url='https://www.gob.mx/presidencia/es/articulos/version-estenografica-conferencia-de-prensa-de-la-presidenta-claudia-sheinbaum-pardo-del-30-de-septiembre-de-2025?idiom=es'
2026-07-28T15:30:29.936249Z [warning  ] Artículo duplicado, omitido    hash=7d89b10cc05d18200b851f0d27d58e05887750ae9ff7303b7951c739cef61757 layer=bronze module_name=lakehouse.pipeline.ingestion url='https://www.gob.mx/presidencia/es/articulos/version-estenografica-conferencia-de-prensa-de-la-presidenta-claudia-sheinbaum-pardo-del-29-de-septiembre-de-2025?idiom=es'
2026-07-28T15:30:30.356376Z [warning  ] Artículo duplicado, omitido    hash=b48bb7a8aee50ad1cdfd6fd8baa432330059d6b20384e80dbde12e0183f98bc4 layer=bronze module_name=lakehouse.pipeline.ingestion url='https://www.gob.mx/presidencia/es/articulos/version-estenografica-la-transformacion-avanza-en-colima?idiom=es'
2026-07-28T15:30:30.797675Z [warning  ] Artículo duplicado, omitido    hash=a7d39ab3d311e2e8a541fdbef1628c4ed1b80c4ffa0bd24ef0efdd503921ea47 layer=bronze module_name=lakehouse.pipeline.ingestion url='https://www.gob.mx/presidencia/es/articulos/version-estenografica-la-transformacion-avanza-en-jalisco?idiom=es'
2026-07-28T15:30:31.229737Z [warning  ] Artículo duplicado, omitido    hash=66ac6487faa34c25ba4677b6fe8b1eb77d14c8131caa782e668e8656efb327a1 layer=bronze module_name=lakehouse.pipeline.ingestion url='https://www.gob.mx/presidencia/es/articulos/version-estenografica-la-transformacion-avanza-en-nayarit?idiom=es'
2026-07-28T15:30:31.607512Z [warning  ] Artículo duplicado, omitido    hash=f3a15418cf4c41525100b08c61460a909b39c5973e1651a33cccbfe58677f968 layer=bronze module_name=lakehouse.pipeline.ingestion url='https://www.gob.mx/presidencia/es/articulos/version-estenografica-la-transformacion-avanza-en-sinaloa?idiom=es'
2026-07-28T15:30:31.998727Z [warning  ] Artículo duplicado, omitido    hash=1a78a76d6157f4018f35aa5254d924615bca1baabb8e64cbbe19cea3370f5591 layer=bronze module_name=lakehouse.pipeline.ingestion url='https://www.gob.mx/presidencia/es/articulos/version-estenografica-la-transformacion-avanza-en-baja-california-sur?idiom=es'
2026-07-28T15:30:32.343997Z [warning  ] Artículo duplicado, omitido    hash=3249e5e64496f50d6848127cba4df15f4ed9d4bde1d2a066ff7d17c18ed85009 layer=bronze module_name=lakehouse.pipeline.ingestion url='https://www.gob.mx/presidencia/es/articulos/version-estenografica-la-transformacion-avanza-en-baja-california?idiom=es'
2026-07-28T15:30:32.763728Z [warning  ] Artículo duplicado, omitido    hash=ea7f4582dd8fc70c5a7cb7770cc63be307ab7ba1c3d951467ffef6919aaeb3b5 layer=bronze module_name=lakehouse.pipeline.ingestion url='https://www.gob.mx/presidencia/es/articulos/version-estenografica-la-transformacion-avanza-en-chihuahua?idiom=es'
2026-07-28T15:30:33.421522Z [warning  ] Artículo duplicado, omitido    hash=029c8a8a3587cb9a7711f9817b2743679bb2d3f6380950543800a476bc2daef6 layer=bronze module_name=lakehouse.pipeline.ingestion url='https://www.gob.mx/presidencia/es/articulos/version-estenografica-conferencia-de-prensa-de-la-presidenta-claudia-sheinbaum-pardo-del-26-de-septiembre-de-2025?idiom=es'
2026-07-28T15:30:33.824185Z [warning  ] Artículo duplicado, omitido    hash=c4ce055c63e04f4a8346cf2daaabe5946990c04c745827c41dd322ac7c702a46 layer=bronze module_name=lakehouse.pipeline.ingestion url='https://www.gob.mx/presidencia/es/articulos/version-estenografica-conferencia-de-prensa-de-la-presidenta-claudia-sheinbaum-pardo-del-25-de-septiembre-de-2025?idiom=es'
2026-07-28T15:30:34.290189Z [warning  ] Artículo duplicado, omitido    hash=518ba7ccae71a24bdd4f089997a78dd3f7419a98a5d03a922154ce4589776f86 layer=bronze module_name=lakehouse.pipeline.ingestion url='https://www.gob.mx/presidencia/es/articulos/version-estenografica-conferencia-de-prensa-de-la-presidenta-claudia-sheinbaum-pardo-del-24-de-septiembre-de-2025?idiom=es'
2026-07-28T15:30:34.842757Z [warning  ] Artículo duplicado, omitido    hash=880971ecc605e1f60a3589109cb8a7c2d69feebd02055b061f6c518741bfa11f layer=bronze module_name=lakehouse.pipeline.ingestion url='https://www.gob.mx/presidencia/es/articulos/version-estenografica-conferencia-de-prensa-de-la-presidenta-claudia-sheinbaum-pardo-del-23-de-septiembre-de-2025?idiom=es'
2026-07-28T15:30:35.310044Z [warning  ] Artículo duplicado, omitido    hash=df64cb83627e03ade97de564e98b53f73eea564332d49982b201882055623a79 layer=bronze module_name=lakehouse.pipeline.ingestion url='https://www.gob.mx/presidencia/es/articulos/version-estenografica-conferencia-de-prensa-de-la-presidenta-claudia-sheinbaum-pardo-del-22-de-septiembre-de-2025?idiom=es'
2026-07-28T15:30:35.721193Z [warning  ] Artículo duplicado, omitido    hash=9568a81ce80004d5032423c05e0e40a342ebe6206e1f945b2bc23818a8acf590 layer=bronze module_name=lakehouse.pipeline.ingestion url='https://www.gob.mx/presidencia/es/articulos/version-estenografica-la-transformacion-avanza-en-quintana-roo?idiom=es'
2026-07-28T15:30:36.126299Z [warning  ] Artículo duplicado, omitido    hash=27ae501362f08e47de5220861ddeb36e7be5bdb9879d11a1b7d05f4d28b79a62 layer=bronze module_name=lakehouse.pipeline.ingestion url='https://www.gob.mx/presidencia/es/articulos/version-estenografica-la-transformacion-avanza-en-yucatan?idiom=es'
2026-07-28T15:30:36.550718Z [warning  ] Artículo duplicado, omitido    hash=b8cb134c06c9b7f9e44097717457ee760f1a3f35c7aa21a1ea6069727f2c97c3 layer=bronze module_name=lakehouse.pipeline.ingestion url='https://www.gob.mx/presidencia/es/articulos/version-estenografica-la-transformacion-avanza-en-campeche?idiom=es'
2026-07-28T15:30:36.937742Z [warning  ] Artículo duplicado, omitido    hash=c518c7c6662be96739d725d9a18c469b5a4279b18c0c51060b6f58635f225909 layer=bronze module_name=lakehouse.pipeline.ingestion url='https://www.gob.mx/presidencia/es/articulos/version-estenografica-la-transformacion-avanza-en-tabasco?idiom=es'
2026-07-28T15:30:37.323356Z [warning  ] Artículo duplicado, omitido    hash=540ae7822d3e0a7c1f8efd83e3b8c4c5ff6eb936f2449bdbcf5d2de2a25926b3 layer=bronze module_name=lakehouse.pipeline.ingestion url='https://www.gob.mx/presidencia/es/articulos/version-estenografica-la-transformacion-avanza-en-chiapas?idiom=es'
2026-07-28T15:30:37.748455Z [warning  ] Artículo duplicado, omitido    hash=7a031755be9506a88d18556df64378f796bd5487df62be044ca338359c170148 layer=bronze module_name=lakehouse.pipeline.ingestion url='https://www.gob.mx/presidencia/es/articulos/version-estenografica-la-transformacion-avanza-en-oaxaca?idiom=es'
2026-07-28T15:30:38.145500Z [warning  ] Artículo duplicado, omitido    hash=2e8fd026104074466395d32ffd7a4c6ac99156f083bffa769c323490b83d8bed layer=bronze module_name=lakehouse.pipeline.ingestion url='https://www.gob.mx/presidencia/es/articulos/version-estenografica-la-transformacion-avanza-en-guerrero?idiom=es'
2026-07-28T15:30:38.617165Z [warning  ] Artículo duplicado, omitido    hash=9d0070a1f4c525fe69bdd3277e0080a405a7ab0da472d31a050f2441af3849f8 layer=bronze module_name=lakehouse.pipeline.ingestion url='https://www.gob.mx/presidencia/es/articulos/version-estenografica-conferencia-de-prensa-de-la-presidenta-claudia-sheinbaum-pardo-del-19-de-septiembre-de-2025?idiom=es'
2026-07-28T15:30:39.020312Z [warning  ] Artículo duplicado, omitido    hash=df0d75f9a0c43ef297e23849af358ae6321a1f53e6bdbde974db29ab47cbe223 layer=bronze module_name=lakehouse.pipeline.ingestion url='https://www.gob.mx/presidencia/es/articulos/version-estenografica-conferencia-de-prensa-mexico-canada-palacio-nacional?idiom=es'
2026-07-28T15:30:39.453287Z [warning  ] Artículo duplicado, omitido    hash=45029969e8fa1759b8038d91103ba963b93361b61641b96bcdb719fb5afbc938 layer=bronze module_name=lakehouse.pipeline.ingestion url='https://www.gob.mx/presidencia/es/articulos/version-estenografica-conferencia-de-prensa-de-la-presidenta-claudia-sheinbaum-pardo-del-18-de-septiembre-de-2025?idiom=es'
2026-07-28T15:30:39.879243Z [warning  ] Artículo duplicado, omitido    hash=3c512fc7b81b6c6205dd06e135d43c93fe16f4ecd334b0ce86360eafda9e457b layer=bronze module_name=lakehouse.pipeline.ingestion url='https://www.gob.mx/presidencia/es/articulos/version-estenografica-conferencia-de-prensa-de-la-presidenta-claudia-sheinbaum-pardo-del-17-de-septiembre-de-2025?idiom=es'
2026-07-28T15:30:40.283600Z [warning  ] Artículo duplicado, omitido    hash=c3c817a696d7fe6fc2e805512e92b63ecf780386ca2e0d4010cfcd2a19024d86 layer=bronze module_name=lakehouse.pipeline.ingestion url='https://www.gob.mx/presidencia/es/articulos/version-estenografica-desfile-civico-militar-215-aniversario-de-la-independencia?idiom=es'
2026-07-28T15:30:40.627449Z [warning  ] Artículo duplicado, omitido    hash=ee6e7a94eb5f735d34ca432955a380f4a111814e7453fbffd3753aafbfaeb651 layer=bronze module_name=lakehouse.pipeline.ingestion url='https://www.gob.mx/presidencia/es/articulos/version-estenografica-215-aniversario-del-grito-de-independencia?idiom=es'
2026-07-28T15:30:41.012139Z [warning  ] Artículo duplicado, omitido    hash=70183f90f1ee87b2a95fb8d8012f734ed352d0c71a0ee0212bb0ba862f49f16d layer=bronze module_name=lakehouse.pipeline.ingestion url='https://www.gob.mx/presidencia/es/articulos/version-estenografica-la-transformacion-avanza-en-el-estado-de-mexico?idiom=es'
2026-07-28T15:30:41.409464Z [warning  ] Artículo duplicado, omitido    hash=64988c18091801140ea1c627fca289823f70eeff81029ac53bf0f879258db3d4 layer=bronze module_name=lakehouse.pipeline.ingestion url='https://www.gob.mx/presidencia/es/articulos/version-estenografica-la-transformacion-avanza-en-michoacan?idiom=es'
2026-07-28T15:30:41.807746Z [warning  ] Artículo duplicado, omitido    hash=a24ea198b07849802993aad57524190d6af1efdb620f0e18b5059024d0f2b728 layer=bronze module_name=lakehouse.pipeline.ingestion url='https://www.gob.mx/presidencia/es/articulos/version-estenografica-la-transformacion-avanza-en-queretaro?idiom=es'
2026-07-28T15:30:42.302245Z [warning  ] Artículo duplicado, omitido    hash=1d6075bfae7762a480c3f93b32cf8076f441bc4d99128969ad28704d488fd625 layer=bronze module_name=lakehouse.pipeline.ingestion url='https://www.gob.mx/presidencia/es/articulos/version-estenografica-la-transformacion-avanza-en-san-luis-potosi?idiom=es'
2026-07-28T15:30:42.812946Z [warning  ] Artículo duplicado, omitido    hash=18d82209758091ae0a0fc486362e2b21fcbfd4bd569e389967a2296c50c38a98 layer=bronze module_name=lakehouse.pipeline.ingestion url='https://www.gob.mx/presidencia/es/articulos/version-estenografica-178-aniversario-de-la-gesta-heroica-de-los-ninos-heroes-de-chapultepec?idiom=es'
2026-07-28T15:30:43.337111Z [warning  ] Artículo duplicado, omitido    hash=ebbeb7c08b72155bcb29167c98dd14daa075278e8bb0ac26899ef05b7af5407e layer=bronze module_name=lakehouse.pipeline.ingestion url='https://www.gob.mx/presidencia/es/articulos/version-estenografica-la-transformacion-avanza-en-hidalgo?idiom=es'
2026-07-28T15:30:43.753402Z [warning  ] Artículo duplicado, omitido    hash=a20d070ba1830492961df8fa049fdabe281a72967398ecf5724280d4d4818a8c layer=bronze module_name=lakehouse.pipeline.ingestion url='https://www.gob.mx/presidencia/es/articulos/version-estenografica-la-transformacion-avanza-en-tlaxcala?idiom=es'
2026-07-28T15:30:44.264350Z [warning  ] Artículo duplicado, omitido    hash=9cc1bc8039eba09a507cdadc59559fa370442656926da97ac343895dda816856 layer=bronze module_name=lakehouse.pipeline.ingestion url='https://www.gob.mx/presidencia/es/articulos/version-estenografica-la-transformacion-avanza-en-puebla?idiom=es'
2026-07-28T15:30:44.715188Z [warning  ] Artículo duplicado, omitido    hash=07de6266857546731fa0bb811a9b8cb41c20a9b5422aa3be2d26952a00b7ce1f layer=bronze module_name=lakehouse.pipeline.ingestion url='https://www.gob.mx/presidencia/es/articulos/version-estenografica-conferencia-de-prensa-de-la-presidenta-claudia-sheinbaum-pardo-del-12-de-septiembre-de-2025?idiom=es'
2026-07-28T15:30:45.336200Z [warning  ] Artículo duplicado, omitido    hash=d12470358d4721b94d9774ef083f4f30056e8ea72d634bc57a4695c5d31f2a05 layer=bronze module_name=lakehouse.pipeline.ingestion url='https://www.gob.mx/presidencia/es/articulos/version-estenografica-conferencia-de-prensa-de-la-presidenta-claudia-sheinbaum-pardo-del-11-de-septiembre-de-2025?idiom=es'
2026-07-28T15:30:45.814276Z [warning  ] Artículo duplicado, omitido    hash=22377365b6692b17bf1f6ae7906834f3f070f487dc7c7dfaded4ffc569fa6008 layer=bronze module_name=lakehouse.pipeline.ingestion url='https://www.gob.mx/presidencia/es/articulos/version-estenografica-conferencia-de-prensa-de-la-presidenta-claudia-sheinbaum-pardo-del-10-de-septiembre-de-2025?idiom=es'
2026-07-28T15:30:46.244929Z [warning  ] Artículo duplicado, omitido    hash=0171c15509f68766f3d689ec809fc8606cc8bb3fbfe3f56e33dba2b34d63ef50 layer=bronze module_name=lakehouse.pipeline.ingestion url='https://www.gob.mx/presidencia/es/articulos/version-estenografica-conferencia-de-prensa-de-la-presidenta-claudia-sheinbaum-pardo-del-9-de-septiembre-de-2025?idiom=es'
2026-07-28T15:30:46.695570Z [warning  ] Artículo duplicado, omitido    hash=366130f00f02d69f74f4775c2e19487b560cef0a8f77614ecec5c2485b549a09 layer=bronze module_name=lakehouse.pipeline.ingestion url='https://www.gob.mx/presidencia/es/articulos/version-estenografica-conferencia-de-prensa-de-la-presidenta-claudia-sheinbaum-pardo-del-8-de-septiembre-de-2025?idiom=es'
2026-07-28T15:30:47.072783Z [warning  ] Artículo duplicado, omitido    hash=67ca411791d8db3a8994c5ef5be51fea56160e405bc50ffbd815a98809844ded layer=bronze module_name=lakehouse.pipeline.ingestion url='https://www.gob.mx/presidencia/es/articulos/version-estenografica-la-transformacion-avanza-en-veracruz?idiom=es'
2026-07-28T15:30:47.468186Z [warning  ] Artículo duplicado, omitido    hash=f274ddc2464c763770f4fb4453ade118c495b65d6e18312afcf72f21f4069e42 layer=bronze module_name=lakehouse.pipeline.ingestion url='https://www.gob.mx/presidencia/es/articulos/version-estenografica-la-transformacion-avanza-en-tamaulipas?idiom=es'
2026-07-28T15:30:47.815073Z [warning  ] Artículo duplicado, omitido    hash=3fdcb6a7a5df22e2b38b0540f2a08ead721baf5435eb06d124a43599128b882e layer=bronze module_name=lakehouse.pipeline.ingestion url='https://www.gob.mx/presidencia/es/articulos/version-estenografica-la-transformacion-avanza-en-coahuila?idiom=es'
2026-07-28T15:30:48.165610Z [warning  ] Artículo duplicado, omitido    hash=9843167e08ca3de05f2839d8830532b73308b8ca9dfdc7ed38bd49ec2138e1fd layer=bronze module_name=lakehouse.pipeline.ingestion url='https://www.gob.mx/presidencia/es/articulos/version-estenografica-la-transformacion-avanza-en-nuevo-leon?idiom=es'
2026-07-28T15:30:48.533356Z [warning  ] Artículo duplicado, omitido    hash=2cb9b5179fa423eab6f036b55a9ec1a6a29925bd7afb5e86e8fed25d0bed680b layer=bronze module_name=lakehouse.pipeline.ingestion url='https://www.gob.mx/presidencia/es/articulos/version-estenografica-la-transformacion-avanza-en-sonora?idiom=es'
2026-07-28T15:30:48.932134Z [warning  ] Artículo duplicado, omitido    hash=c1b05897fb6ccae0f6f23b909ee0c9457b8ab232bbc2d5d4304c4ec728455316 layer=bronze module_name=lakehouse.pipeline.ingestion url='https://www.gob.mx/presidencia/es/articulos/version-estenografica-la-transformacion-avanza-en-durango?idiom=es'
2026-07-28T15:30:49.307017Z [warning  ] Artículo duplicado, omitido    hash=013b529f7adab947d216b66707eea277c7ddf874db7ca206a318908852adfc73 layer=bronze module_name=lakehouse.pipeline.ingestion url='https://www.gob.mx/presidencia/es/articulos/version-estenografica-la-transformacion-avanza-en-zacatecas-407472?idiom=es'
2026-07-28T15:30:49.730767Z [warning  ] Artículo duplicado, omitido    hash=fe58f70344e91dd8a400aa91c260439c57a2b578820fbba95630ff89601c5faa layer=bronze module_name=lakehouse.pipeline.ingestion url='https://www.gob.mx/presidencia/es/articulos/version-estenografica-la-transformacion-avanza-en-aguascalientes?idiom=es'
2026-07-28T15:30:50.104728Z [warning  ] Artículo duplicado, omitido    hash=4c818f072fc7542200c3ae669471e701336c48f5e8cb632382c21eda2c257722 layer=bronze module_name=lakehouse.pipeline.ingestion url='https://www.gob.mx/presidencia/es/articulos/version-estenografica-la-transformacion-avanza-en-guanajuato?idiom=es'
2026-07-28T15:30:50.586546Z [warning  ] Artículo duplicado, omitido    hash=fefaa73404e68e58b89a5884bf04752afb13f15af83762586fed7d008d60cdfe layer=bronze module_name=lakehouse.pipeline.ingestion url='https://www.gob.mx/presidencia/es/articulos/version-estenografica-conferencia-de-prensa-de-la-presidenta-claudia-sheinbaum-pardo-del-5-de-septiembre-de-2025?idiom=es'
2026-07-28T15:30:51.018782Z [warning  ] Artículo duplicado, omitido    hash=2a3b932838975bf3bcdd2708804a1ec49e085970db5715b5e5d28250fec5369e layer=bronze module_name=lakehouse.pipeline.ingestion url='https://www.gob.mx/presidencia/es/articulos/version-estenografica-conferencia-de-prensa-de-la-presidenta-claudia-sheinbaum-pardo-del-4-de-septiembre-de-2025?idiom=es'
2026-07-28T15:30:51.394601Z [warning  ] Artículo duplicado, omitido    hash=939ac0039e5dc05cbb584565f04c0aa60b1ab928219fda607b845d93edb4cf6e layer=bronze module_name=lakehouse.pipeline.ingestion url='https://www.gob.mx/presidencia/es/articulos/version-estenografica-cursos-del-sistema-educativo-militar-2025-ciudad-de-mexico?idiom=es'
2026-07-28T15:30:51.802408Z [warning  ] Artículo duplicado, omitido    hash=7e82a5acdaeedb22e71112f54f01d8de77dc4f8a5bf47cf6f74baad6cd6874af layer=bronze module_name=lakehouse.pipeline.ingestion url='https://www.gob.mx/presidencia/es/articulos/version-estenografica-conferencia-de-prensa-de-la-presidenta-claudia-sheinbaum-pardo-del-3-de-septiembre-de-2025?idiom=es'
2026-07-28T15:30:52.311005Z [warning  ] Artículo duplicado, omitido    hash=d9454bfd5410f950b1dc1b35fb6b70f4e4f8289a4ee459acab720c4be011fd8d layer=bronze module_name=lakehouse.pipeline.ingestion url='https://www.gob.mx/presidencia/es/articulos/version-estenografica-consejo-nacional-de-seguridad-publica-palacio-nacional?idiom=es'
2026-07-28T15:30:52.794542Z [warning  ] Artículo duplicado, omitido    hash=a08a2496ef74b3ae2bbe21b9e42a6c3e742905f3edd82bc8bd3e0c4873e9808c layer=bronze module_name=lakehouse.pipeline.ingestion url='https://www.gob.mx/presidencia/es/articulos/version-estenografica-conferencia-de-prensa-de-la-presidenta-claudia-sheinbaum-pardo-del-2-de-septiembre-de-2025?idiom=es'
2026-07-28T15:30:53.234572Z [warning  ] Artículo duplicado, omitido    hash=a4f005916ee7bed806971fbc0e6b3c625e85520ea7c3816b1704a13091fcc40d layer=bronze module_name=lakehouse.pipeline.ingestion url='https://www.gob.mx/presidencia/es/articulos/version-estenografica-primer-informe-de-gobierno-de-la-presidenta-claudia-sheinbaum-pardo-palacio-nacional?idiom=es'
2026-07-28T15:30:53.602450Z [warning  ] Artículo duplicado, omitido    hash=1d6113085651414443cf70a60d66fd6d8f7b7cd4624af248ec0084170ed4dea0 layer=bronze module_name=lakehouse.pipeline.ingestion url='https://www.gob.mx/presidencia/es/articulos/version-estenografica-nuevos-trenes-de-repavimentacion-acolman-estado-de-mexico?idiom=es'
2026-07-28T15:30:54.037477Z [warning  ] Artículo duplicado, omitido    hash=38b36285b252967ac85da8167fdb736248a60ceb3db5df843374790b0797aff7 layer=bronze module_name=lakehouse.pipeline.ingestion url='https://www.gob.mx/presidencia/es/articulos/version-estenografica-conferencia-de-prensa-de-la-presidenta-claudia-sheinbaum-pardo-del-29-de-agosto-de-2025?idiom=es'
2026-07-28T15:30:54.464409Z [warning  ] Artículo duplicado, omitido    hash=1268d3941ed3f8a839c678915acd6e601c0079d240e49f4fdc3c6c79e4ed54b1 layer=bronze module_name=lakehouse.pipeline.ingestion url='https://www.gob.mx/presidencia/es/articulos/version-estenografica-conferencia-de-prensa-de-la-presidenta-claudia-sheinbaum-pardo-del-28-de-agosto-de-2025?idiom=es'
2026-07-28T15:30:54.917013Z [warning  ] Artículo duplicado, omitido    hash=fdc15dc4fec9dfe57afc9716c81bcf21842cb4befdcbd2d672c4530e7be2e454 layer=bronze module_name=lakehouse.pipeline.ingestion url='https://www.gob.mx/presidencia/es/articulos/version-estenografica-conferencia-de-prensa-de-la-presidenta-claudia-sheinbaum-pardo-del-27-de-agosto-de-2025?idiom=es'
2026-07-28T15:30:55.383072Z [warning  ] Artículo duplicado, omitido    hash=5b572bf23949fd739e9a896011cb043fa4d6fc40bf85ff421da0d6a9347b155f layer=bronze module_name=lakehouse.pipeline.ingestion url='https://www.gob.mx/presidencia/es/articulos/version-estenografica-primer-ciclo-escolar-de-bachillerato-nacional-ciudad-de-mexico?idiom=es'
2026-07-28T15:30:55.863524Z [warning  ] Artículo duplicado, omitido    hash=5a4c1b2cda4440ba4c8d5838feefc8d08ef208eaafbf1b5ef4a56c85775222c8 layer=bronze module_name=lakehouse.pipeline.ingestion url='https://www.gob.mx/presidencia/es/articulos/version-estenografica-conferencia-de-prensa-de-la-presidenta-claudia-sheinbaum-pardo-del-26-de-agosto-de-2025?idiom=es'
2026-07-28T15:30:56.268176Z [warning  ] Artículo duplicado, omitido    hash=89f2012e040367d24e1f470a49a8d24f0fd2b6d54abb70ed740d7425decc6720 layer=bronze module_name=lakehouse.pipeline.ingestion url='https://www.gob.mx/presidencia/es/articulos/version-estenografica-reunion-ministerial-de-america-latina-y-el-caribe-para-la-accion-climatica-palacio-nacional?idiom=es'
2026-07-28T15:30:56.702283Z [warning  ] Artículo duplicado, omitido    hash=a9eef8b8bf881b23f43e263d5917db90a0096cc73732fb172799f8e2cea798cc layer=bronze module_name=lakehouse.pipeline.ingestion url='https://www.gob.mx/presidencia/es/articulos/version-estenografica-100-aniversario-de-la-fundacion-del-banco-de-mexico-ciudad-de-mexico?idiom=es'
2026-07-28T15:30:57.132259Z [warning  ] Artículo duplicado, omitido    hash=223c8ba7ca75248af8e816d79590049b0776f4fd72d30a87c2d29519c95648a8 layer=bronze module_name=lakehouse.pipeline.ingestion url='https://www.gob.mx/presidencia/es/articulos/version-estenografica-conferencia-de-prensa-de-la-presidenta-claudia-sheinbaum-pardo-del-25-de-agosto-de-2025?idiom=es'
2026-07-28T15:30:57.522963Z [warning  ] Artículo duplicado, omitido    hash=ef23b780881412f82b80d79fc9cc5f36c3c12806bc21985030ef5b8d3ebf85db layer=bronze module_name=lakehouse.pipeline.ingestion url='https://www.gob.mx/presidencia/es/articulos/version-estenografica-asamblea-con-mujeres-artesanas-xochistlahuaca-guerrero?idiom=es'
2026-07-28T15:30:57.924454Z [warning  ] Artículo duplicado, omitido    hash=9a239b12962f49740406a205aba89bb32518f3de416e7a3e671f0562854a2560 layer=bronze module_name=lakehouse.pipeline.ingestion url='https://www.gob.mx/presidencia/es/articulos/version-estenografica-plan-de-justicia-para-el-pueblo-amuzgo-tlacoachistlahuaca-guerrero?idiom=es'
2026-07-28T15:30:58.442915Z [warning  ] Artículo duplicado, omitido    hash=3e43620e4d1643c4d22f847693ef9678c1b2c0ced5440b6d6e8caba2d684f2da layer=bronze module_name=lakehouse.pipeline.ingestion url='https://www.gob.mx/presidencia/es/articulos/version-estenografica-supervision-de-asipona-y-abanderamiento-de-marinabus-acapulco-guerrero?idiom=es'
2026-07-28T15:30:58.806302Z [warning  ] Artículo duplicado, omitido    hash=32bf002ecf8049e9e9b031a406d37f68453b184ed8e210dde54cee0f53779e95 layer=bronze module_name=lakehouse.pipeline.ingestion url='https://www.gob.mx/presidencia/es/articulos/version-estenografica-inicio-de-obras-senderos-de-paz-acapulco-guerrero-406281?idiom=es'
2026-07-28T15:30:59.450639Z [warning  ] Artículo duplicado, omitido    hash=c405a236ff49505c5f94f6ba5108b2ba2ac107a4592ae20fef5330adad9476d4 layer=bronze module_name=lakehouse.pipeline.ingestion url='https://www.gob.mx/presidencia/es/articulos/version-estenografica-inauguracion-hospital-regional-de-alta-especialidad-issste-primera-etapa-acapulco-guerrero?idiom=es'
2026-07-28T15:30:59.948222Z [warning  ] Artículo duplicado, omitido    hash=d913e45b12fcf1c7b2237a5918a0b8203bf706140ddc0f066ed421d9a6134960 layer=bronze module_name=lakehouse.pipeline.ingestion url='https://www.gob.mx/presidencia/es/articulos/version-estenografica-conferencia-de-prensa-de-la-presidenta-claudia-sheinbaum-pardo-del-22-de-agosto-de-2025?idiom=es'
2026-07-28T15:31:00.375662Z [warning  ] Artículo duplicado, omitido    hash=4f061233e6456ee15eafc4ab9b48411455f8532fe2c5031ecf6313bcf9c17e95 layer=bronze module_name=lakehouse.pipeline.ingestion url='https://www.gob.mx/presidencia/es/articulos/version-estenografica-conferencia-de-prensa-de-la-presidenta-claudia-sheinbaum-pardo-del-21-de-agosto-de-2025?idiom=es'
2026-07-28T15:31:00.921678Z [warning  ] Artículo duplicado, omitido    hash=9b048e70e53edd199dd46bacccb13bced30449dba020a7c76dde1913c519e643 layer=bronze module_name=lakehouse.pipeline.ingestion url='https://www.gob.mx/presidencia/es/articulos/version-estenografica-conferencia-de-prensa-de-la-presidenta-claudia-sheinbaum-pardo-del-20-de-agosto-de-2025?idiom=es'
2026-07-28T15:31:01.409454Z [warning  ] Artículo duplicado, omitido    hash=c2c36f0f3af0081d64d92857f2d39168126a1b61a42741fc2091df3ee9e61152 layer=bronze module_name=lakehouse.pipeline.ingestion url='https://www.gob.mx/presidencia/es/articulos/version-estenografica-conferencia-de-prensa-de-la-presidenta-claudia-sheinbaum-pardo-del-19-de-agosto-de-2025?idiom=es'
2026-07-28T15:31:01.832914Z [warning  ] Artículo duplicado, omitido    hash=64013ac5174d45a3b802e9fc4089b1c7badfe3fda7be9929194d136c4a7906ef layer=bronze module_name=lakehouse.pipeline.ingestion url='https://www.gob.mx/presidencia/es/articulos/version-estenografica-conferencia-de-prensa-de-la-presidenta-claudia-sheinbaum-pardo-del-18-de-agosto-de-2025?idiom=es'
2026-07-28T15:31:02.239212Z [warning  ] Artículo duplicado, omitido    hash=b9f06f9d2afbfcf64c0c653b1a08312c8575b19e38e2ba13402af8d2bdbb0f3f layer=bronze module_name=lakehouse.pipeline.ingestion url='https://www.gob.mx/presidencia/es/articulos/version-estenografica-inauguracion-unidad-de-medicina-familiar-no-93-del-imss-ecatepec-estado-de-mexico?idiom=es'
2026-07-28T15:31:02.623854Z [warning  ] Artículo duplicado, omitido    hash=6296afeb8315e080ea4c42f021955a2a48c30ccb273178b547989e5a10c1f662 layer=bronze module_name=lakehouse.pipeline.ingestion url='https://www.gob.mx/presidencia/es/articulos/version-estenografica-inauguracion-centro-libre-para-las-mujeres-calakmul-campeche?idiom=es'
2026-07-28T15:31:02.981634Z [warning  ] Artículo duplicado, omitido    hash=110757b63d60f170419d18865ebddc921a9a43d89e4376c4d5a926a61a38d0f0 layer=bronze module_name=lakehouse.pipeline.ingestion url='https://www.gob.mx/presidencia/es/articulos/version-estenografica-encuentro-mexico-belice-guatemala-conferencia-de-prensa-y-firma-de-acuerdos-calakmul-campeche?idiom=es'
2026-07-28T15:31:03.356716Z [warning  ] Artículo duplicado, omitido    hash=6db04ecca79e8c6e2b4c1c40d39b08e161f3b9690c16921d3711330017067f21 layer=bronze module_name=lakehouse.pipeline.ingestion url='https://www.gob.mx/presidencia/es/articulos/version-estenografica-encuentro-bilateral-mexico-guatemala-mensaje-a-medios-de-comunicacion-peten-guatemala?idiom=es'
2026-07-28T15:31:03.839993Z [warning  ] Artículo duplicado, omitido    hash=9152b6911bdff5d72ce04f458dddf06f01b9f1de3f2b8ce3ccf2a6ccb5108a4c layer=bronze module_name=lakehouse.pipeline.ingestion url='https://www.gob.mx/presidencia/es/articulos/version-estenografica-conferencia-de-prensa-de-la-presidenta-claudia-sheinbaum-pardo-del-15-de-agosto-de-2025?idiom=es'
2026-07-28T15:31:04.235077Z [warning  ] Artículo duplicado, omitido    hash=7478d6c267d448899a3b1eafe8974e2c9fb67ff5f39535b46c7aea276e6c16e3 layer=bronze module_name=lakehouse.pipeline.ingestion url='https://www.gob.mx/presidencia/es/articulos/version-estenografica-dia-del-cine-mexicano-alvaro-obregon-ciudad-de-mexico?idiom=es'
2026-07-28T15:31:04.775854Z [warning  ] Artículo duplicado, omitido    hash=7282252368990fc06575d9826627bd67af1559f0b1b737de5718d0f5eea1c08c layer=bronze module_name=lakehouse.pipeline.ingestion url='https://www.gob.mx/presidencia/es/articulos/version-estenografica-conferencia-de-prensa-de-la-presidenta-claudia-sheinbaum-pardo-del-14-de-agosto-de-2025?idiom=es'
2026-07-28T15:31:05.532069Z [warning  ] Artículo duplicado, omitido    hash=0a0851240e1c89fa0249a278dcba1f2abf4d965aa4186aae9e44701be1909b93 layer=bronze module_name=lakehouse.pipeline.ingestion url='https://www.gob.mx/presidencia/es/articulos/version-estenografica-conferencia-de-prensa-de-la-presidenta-claudia-sheinbaum-pardo-del-13-de-agosto-de-2025?idiom=es'
2026-07-28T15:31:05.980912Z [warning  ] Artículo duplicado, omitido    hash=13d0e7fa9fa5781719fca36f14b8d78c7a3d11da07b84d0edde1fbef4ebe7ecc layer=bronze module_name=lakehouse.pipeline.ingestion url='https://www.gob.mx/presidencia/es/articulos/version-estenografica-inauguracion-xvi-conferencia-regional-sobre-la-mujer-de-america-latina-y-el-caribe-palacio-nacional?idiom=es'
2026-07-28T15:31:06.447386Z [warning  ] Artículo duplicado, omitido    hash=3d57d458789b66165fe5828a194e49fe47845806c3920bbcaca77bda0596c5a6 layer=bronze module_name=lakehouse.pipeline.ingestion url='https://www.gob.mx/presidencia/es/articulos/version-estenografica-conferencia-de-prensa-de-la-presidenta-claudia-sheinbaum-pardo-del-12-de-agosto-de-2025?idiom=es'
2026-07-28T15:31:07.011078Z [warning  ] Artículo duplicado, omitido    hash=f7a9a155b138b2d1f2b0a6087f8d0be45724dc278d1dc1359b214867c58348ca layer=bronze module_name=lakehouse.pipeline.ingestion url='https://www.gob.mx/presidencia/es/articulos/version-estenografica-conferencia-de-prensa-de-la-presidenta-claudia-sheinbaum-pardo-del-11-de-agosto-de-2025?idiom=es'
2026-07-28T15:31:07.467268Z [warning  ] Artículo duplicado, omitido    hash=96781cd0ce65a584fd282645e1885fe49cf4135ad4a30d8df071396e8e981ce6 layer=bronze module_name=lakehouse.pipeline.ingestion url='https://www.gob.mx/presidencia/es/articulos/version-estenografica-supervision-del-tren-ciudad-de-mexico-pachuca-villa-de-tezontepec-hidalgo?idiom=es'
2026-07-28T15:31:07.992540Z [warning  ] Artículo duplicado, omitido    hash=2f14b61aeeae652683ea98705fe6f4ad400bb6f9c11717916c43d64a0a7b7d06 layer=bronze module_name=lakehouse.pipeline.ingestion url='https://www.gob.mx/presidencia/es/articulos/version-estenografica-inicio-de-obra-de-puentes-vehiculares-manzanillo-colima?idiom=es'
2026-07-28T15:31:08.601827Z [warning  ] Artículo duplicado, omitido    hash=e835dfc5d1eb12df8ba93dda2afff19299f11eeb630849fc74615ea9632ec995 layer=bronze module_name=lakehouse.pipeline.ingestion url='https://www.gob.mx/presidencia/es/articulos/version-estenografica-inauguracion-primera-etapa-del-hospital-regional-issste-tlajomulco-jalisco?idiom=es'
2026-07-28T15:31:09.171169Z [warning  ] Artículo duplicado, omitido    hash=f895d5b64946b87301b445e693c14a6ece23deb2ffd4272060d4e240ae2ae071 layer=bronze module_name=lakehouse.pipeline.ingestion url='https://www.gob.mx/presidencia/es/articulos/version-estenografica-conferencia-de-prensa-de-la-presidenta-claudia-sheinbaum-pardo-del-08-de-agosto-de-2025?idiom=es'
2026-07-28T15:31:09.589601Z [warning  ] Artículo duplicado, omitido    hash=ebd92d370716ab34d5bccaa56cebbbded53b163e6779c3f0b5f777f1ba720fbe layer=bronze module_name=lakehouse.pipeline.ingestion url='https://www.gob.mx/presidencia/es/articulos/version-estenografica-conferencia-de-prensa-de-la-presidenta-claudia-sheinbaum-pardo-del-07-de-agosto-de-2025?idiom=es'
2026-07-28T15:31:10.080416Z [warning  ] Artículo duplicado, omitido    hash=ac9d0ea520240d548c1e47239f0e533ef32c5febdf4d59d8fced1a2c3d17a0a0 layer=bronze module_name=lakehouse.pipeline.ingestion url='https://www.gob.mx/presidencia/es/articulos/version-estenografica-conferencia-de-prensa-de-la-presidenta-claudia-sheinbaum-pardo-del-06-de-agosto-de-2025?idiom=es'
2026-07-28T15:31:10.562536Z [warning  ] Artículo duplicado, omitido    hash=5c690805ff423562b024035da6e14db79aa52950964743a609a0d04a463730ef layer=bronze module_name=lakehouse.pipeline.ingestion url='https://www.gob.mx/presidencia/es/articulos/version-estenografica-conferencia-de-prensa-de-la-presidenta-claudia-sheinbaum-pardo-del-05-de-agosto-de-2025?idiom=es'
2026-07-28T15:31:11.142147Z [info     ] Artículo insertado en Bronze   hash=066cc93db96a38d83abbaf425bb097212f8185c630671a2892719ad564c507de layer=bronze module_name=lakehouse.pipeline.ingestion url='https://www.gob.mx/presidencia/es/articulos/version-estenografica-conferencia-de-prensa-de-la-presidenta-claudia-sheinbaum-pardo-del-04-de-agosto-de-2025?idiom=es'
2026-07-28T15:31:11.620211Z [info     ] Artículo insertado en Bronze   hash=97d042c9f326655463aababfccc1a513c410a69c3a44846c571ba9895b3921b4 layer=bronze module_name=lakehouse.pipeline.ingestion url='https://www.gob.mx/presidencia/es/articulos/version-estenografica-faispiam-presupuesto-directo-para-pueblos-indigenas-y-afromexicanos-amealco-queretaro?idiom=es'
2026-07-28T15:31:12.031554Z [info     ] Artículo insertado en Bronze   hash=045c6f49fb9f99ab4c3f3c7b339593c5d8da4c9804fcc5818231c1743545e48d layer=bronze module_name=lakehouse.pipeline.ingestion url='https://www.gob.mx/presidencia/es/articulos/version-estenografica-becas-para-el-bienestar-celaya-guanajuato?idiom=es'
2026-07-28T15:31:12.633064Z [info     ] Artículo insertado en Bronze   hash=d669c9869d6d1feac39d8ac9058a0930e3569d74e6d331a3c7bb32ef855c0e84 layer=bronze module_name=lakehouse.pipeline.ingestion url='https://www.gob.mx/presidencia/es/articulos/version-estenografica-inauguracion-centro-libre-para-las-mujeres?idiom=es'
2026-07-28T15:31:13.166569Z [info     ] Artículo insertado en Bronze   hash=af6508a092a683518efaa5ccdc6af1a5e96d3aa2dad123991bf91b636bce8930 layer=bronze module_name=lakehouse.pipeline.ingestion url='https://www.gob.mx/presidencia/es/articulos/version-estenografica-conferencia-de-prensa-de-la-presidenta-claudia-sheinbaum-pardo-del-01-de-agosto-de-2025?idiom=es'
2026-07-28T15:31:13.589161Z [info     ] Artículo insertado en Bronze   hash=5ca07304a161a00ae6f60c973dbf691828e46ab3350be69bbe35ffcc5fc66b93 layer=bronze module_name=lakehouse.pipeline.ingestion url='https://www.gob.mx/presidencia/es/articulos/version-estenografica-conferencia-de-prensa-de-la-presidenta-claudia-sheinbaum-pardo-del-31-de-julio-de-2025?idiom=es'
2026-07-28T15:31:14.167301Z [info     ] Artículo insertado en Bronze   hash=4d9c8b8b359a4b2bf4bf57b263c628be2ee2ea6b15d30fc43c24f7d1b6ea45c2 layer=bronze module_name=lakehouse.pipeline.ingestion url='https://www.gob.mx/presidencia/es/articulos/version-estenografica-conferencia-de-prensa-de-la-presidenta-claudia-sheinbaum-pardo-del-30-de-julio-de-2025?idiom=es'
2026-07-28T15:31:14.678760Z [info     ] Artículo insertado en Bronze   hash=60f64e0c677a782f3c9d59f42d2886cbbc0dfcb295ef053ff453f7e77977133a layer=bronze module_name=lakehouse.pipeline.ingestion url='https://www.gob.mx/presidencia/es/articulos/version-estenografica-conferencia-de-prensa-de-la-presidenta-claudia-sheinbaum-pardo-del-29-de-julio-de-2025?idiom=es'
2026-07-28T15:31:15.167751Z [info     ] Artículo insertado en Bronze   hash=1a672d5552047a2191e0775ee710ec537d059fff4403438d2ac3152355d9f8a4 layer=bronze module_name=lakehouse.pipeline.ingestion url='https://www.gob.mx/presidencia/es/articulos/version-estenografica-conferencia-de-prensa-de-la-presidenta-claudia-sheinbaum-pardo-del-28-de-julio-de-2025?idiom=es'
2026-07-28T15:31:15.623568Z [info     ] Artículo insertado en Bronze   hash=ee6f06cb00deda32ca2ae9cfcc837fa77fb4ff26e92ed909d33cd31b98ce9637 layer=bronze module_name=lakehouse.pipeline.ingestion url='https://www.gob.mx/presidencia/es/articulos/version-estenografica-proyecto-linea-4-del-cablebus-tlalpan-coyoacan-ciudad-de-mexico?idiom=es'
2026-07-28T15:31:16.190248Z [info     ] Artículo insertado en Bronze   hash=01aa969c3d04a34fee00c3a008e3a351f46183f1fd7eb545309ea7e40a18ad4e layer=bronze module_name=lakehouse.pipeline.ingestion url='https://www.gob.mx/presidencia/es/articulos/version-estenografica-supervision-de-unidad-de-especialidades-medicas-de-oncologia-imss-bienestar-guadalupe-zacatecas?idiom=es'
2026-07-28T15:31:16.646432Z [info     ] Artículo insertado en Bronze   hash=d5ca2c2758eb11359d3ad6368e9d251c5f8e86adc4a1e1f2ba39bc6b09642cc1 layer=bronze module_name=lakehouse.pipeline.ingestion url='https://www.gob.mx/presidencia/es/articulos/version-estenografica-siete-siglos-de-fundacion-mexico-tenochtitlan-zocalo-de-la-ciudad-de-mexico?idiom=es'
2026-07-28T15:31:17.168898Z [info     ] Artículo insertado en Bronze   hash=93444eb6f69c7ff6db1db385c7c22e3e4bf0136b54253454f0810b59442e104a layer=bronze module_name=lakehouse.pipeline.ingestion url='https://www.gob.mx/presidencia/es/articulos/version-estenografica-encuentro-nacional-de-abogadas-de-las-mujeres-ciudad-de-mexico?idiom=es'
2026-07-28T15:31:17.646847Z [info     ] Artículo insertado en Bronze   hash=3cf0a900df005fc7e79ed7e1c14fba2fe1643d3a7fdb3347281e2f4b9973fc56 layer=bronze module_name=lakehouse.pipeline.ingestion url='https://www.gob.mx/presidencia/es/articulos/version-estenografica-conferencia-de-prensa-de-la-presidenta-claudia-sheinbaum-pardo-del-25-de-julio-de-2025?idiom=es'
2026-07-28T15:31:18.125027Z [info     ] Artículo insertado en Bronze   hash=4a419fea2f08407dea6c350799b5d9a3341d8cea79f115a4fe2419de5d88f099 layer=bronze module_name=lakehouse.pipeline.ingestion url='https://www.gob.mx/presidencia/es/articulos/version-estenografica-conferencia-de-prensa-de-la-presidenta-claudia-sheinbaum-pardo-del-24-de-julio-de-2025?idiom=es'
2026-07-28T15:31:18.658664Z [info     ] Artículo insertado en Bronze   hash=2279085ea6a7686d2cc628f707b5a05421c33ffd42f1ef05c2b5919f3cfd0086 layer=bronze module_name=lakehouse.pipeline.ingestion url='https://www.gob.mx/presidencia/es/articulos/version-estenografica-conferencia-de-prensa-de-la-presidenta-claudia-sheinbaum-pardo-del-23-de-julio-de-2025?idiom=es'
2026-07-28T15:31:19.214405Z [info     ] Artículo insertado en Bronze   hash=2b7e74afb97ff893ce370557fbbde7bf96a29eceb30a6ed06b932b5e876ff00b layer=bronze module_name=lakehouse.pipeline.ingestion url='https://www.gob.mx/presidencia/es/articulos/version-estenografica-conferencia-de-prensa-de-la-presidenta-claudia-sheinbaum-pardo-del-22-de-julio-de-2025?idiom=es'
2026-07-28T15:31:19.703656Z [info     ] Artículo insertado en Bronze   hash=764f4d1591c35d808881f0fa51f2725238f3224c63b382295fcae9c0f99ae293 layer=bronze module_name=lakehouse.pipeline.ingestion url='https://www.gob.mx/presidencia/es/articulos/version-estenografica-conferencia-de-prensa-de-la-presidenta-claudia-sheinbaum-pardo-del-21-de-julio-de-2025?idiom=es'
2026-07-28T15:31:20.270681Z [info     ] Artículo insertado en Bronze   hash=5f321a6c73b1a1fd273b0baa001ea050add0fa927c1f5d9d70549313c2feacf0 layer=bronze module_name=lakehouse.pipeline.ingestion url='https://www.gob.mx/presidencia/es/articulos/version-estenografica-salud-casa-por-casa-acapulco-guerrero?idiom=es'
2026-07-28T15:31:20.748793Z [info     ] Artículo insertado en Bronze   hash=53a243198e15e657c5949f3f01fa6e9b9d037de1e4fa0ea00e79dfab681d084a layer=bronze module_name=lakehouse.pipeline.ingestion url='https://www.gob.mx/presidencia/es/articulos/version-estenografica-supervision-de-obra-hospital-general-imss-bienestar-tuxtepec-oaxaca?idiom=es'
2026-07-28T15:31:21.326701Z [info     ] Artículo insertado en Bronze   hash=196f10a10e8cb96755a08e07f02c546998051bb2458c3ed5d18e4a9fefc457a8 layer=bronze module_name=lakehouse.pipeline.ingestion url='https://www.gob.mx/presidencia/es/articulos/version-estenografica-ampliacion-del-area-de-hemodialisis-hospital-de-alta-especialidad-imss-bienestar-centro-tabasco?idiom=es'
2026-07-28T15:31:21.771510Z [info     ] Artículo insertado en Bronze   hash=4828003595a6d92bcc02ab66ad0d974c314f0eabfcdc1abccebcb8cd954a62a2 layer=bronze module_name=lakehouse.pipeline.ingestion url='https://www.gob.mx/presidencia/es/articulos/version-estenografica-supervision-de-obra-hospital-general-de-zona-no-13-del-imss-tuxtla-gutierrez-chiapas?idiom=es'
2026-07-28T15:31:22.193927Z [info     ] Artículo insertado en Bronze   hash=cc6330804b2c84f9426452e387371a206215fe30d9da598eb8bd8dd0afd08720 layer=bronze module_name=lakehouse.pipeline.ingestion url='https://www.gob.mx/presidencia/es/articulos/version-estenografica-153-aniversario-luctuoso-de-benito-juarez-palacio-nacional?idiom=es'
2026-07-28T15:31:22.705400Z [info     ] Artículo insertado en Bronze   hash=96004da1e9c88447d78a3360089a4ea1d2c847e1a17d242fd44f25efbb1f8f84 layer=bronze module_name=lakehouse.pipeline.ingestion url='https://www.gob.mx/presidencia/es/articulos/version-estenografica-conferencia-de-prensa-de-la-presidenta-claudia-sheinbaum-pardo-del-18-de-julio-de-2025?idiom=es'
2026-07-28T15:31:23.283386Z [info     ] Artículo insertado en Bronze   hash=78186cb0ade1d89aff930f2084a6cafeee2c1bb530c04403ae98f829d589cd33 layer=bronze module_name=lakehouse.pipeline.ingestion url='https://www.gob.mx/presidencia/es/articulos/version-estenografica-conferencia-de-prensa-de-la-presidenta-claudia-sheinbaum-pardo-del-17-de-julio-de-2025?idiom=es'
2026-07-28T15:31:23.750304Z [info     ] Artículo insertado en Bronze   hash=1f333e1203b12e4b478d82bd2974c98769100698efd6a370b09cd5294caa381d layer=bronze module_name=lakehouse.pipeline.ingestion url='https://www.gob.mx/presidencia/es/articulos/version-estenografica-mando-unico-en-el-oriente-del-estado-de-mexico-nezahualcoyotl-estado-de-mexico?idiom=es'
2026-07-28T15:31:24.250559Z [info     ] Artículo insertado en Bronze   hash=aca985b3312637460cc7d2661b10da94af85d29bd0ad72763b9a693956fb42c9 layer=bronze module_name=lakehouse.pipeline.ingestion url='https://www.gob.mx/presidencia/es/articulos/version-estenografica-conferencia-de-prensa-de-la-presidenta-claudia-sheinbaum-pardo-del-16-de-julio-de-2025?idiom=es'
2026-07-28T15:31:24.784369Z [info     ] Artículo insertado en Bronze   hash=673799b53e7b65dabb7152e2b492fbfdad4971e3603c8a8c3f658fb5c8bdad0d layer=bronze module_name=lakehouse.pipeline.ingestion url='https://www.gob.mx/presidencia/es/articulos/version-estenografica-conferencia-de-prensa-de-la-presidenta-claudia-sheinbaum-pardo-del-15-de-julio-de-2025?idiom=es'
2026-07-28T15:31:25.284524Z [info     ] Artículo insertado en Bronze   hash=957c72c0b3835e35e992a22d06881f27108ebf979c70c2d90b0536fee8efedf0 layer=bronze module_name=lakehouse.pipeline.ingestion url='https://www.gob.mx/presidencia/es/articulos/version-estenografica-conferencia-de-prensa-de-la-presidenta-claudia-sheinbaum-pardo-del-14-de-julio-de-2025?idiom=es'
2026-07-28T15:31:25.773741Z [info     ] Artículo insertado en Bronze   hash=613a5ac2eda176735745a4064535073d4a9aaa9ec5a13aba9984c035c16290e6 layer=bronze module_name=lakehouse.pipeline.ingestion url='https://www.gob.mx/presidencia/es/articulos/version-estenografica-inauguracion-de-sala-de-hemodinamia-hospital-general-imss-bienestar-la-paz-baja-california-sur?idiom=es'
2026-07-28T15:31:26.507427Z [info     ] Artículo insertado en Bronze   hash=49907551982c018cbb1c39be0c9e87d6aa8d78b28f5c6d3fabcce14f954d0b49 layer=bronze module_name=lakehouse.pipeline.ingestion url='https://www.gob.mx/presidencia/es/articulos/version-estenografica-inauguracion-hospital-general-regional-no-23-del-imss-ensenada-baja-california?idiom=es'
2026-07-28T15:31:27.041000Z [info     ] Artículo insertado en Bronze   hash=5c406f22230b2bf40a7ad66be594d2975a4aa2a97749bb8dfb7b0dec64e2f4b7 layer=bronze module_name=lakehouse.pipeline.ingestion url='https://www.gob.mx/presidencia/es/articulos/version-estenografica-inauguracion-hospital-rural-imss-bienestar-vicam-switch-guaymas-sonora?idiom=es'
2026-07-28T15:31:27.474466Z [info     ] Artículo insertado en Bronze   hash=df562888adbc1c18a859539c49ac0dec3f23f91d40e382a2bf0a588a2631ba2c layer=bronze module_name=lakehouse.pipeline.ingestion url='https://www.gob.mx/presidencia/es/articulos/version-estenografica-salud-casa-por-casa-ciudad-obregon-sonora?idiom=es'
2026-07-28T15:31:27.897235Z [info     ] Artículo insertado en Bronze   hash=e53bd421755bf03cd457f9dd1a4d19bb9147e7d7fd7156c57168ca9afd90f673 layer=bronze module_name=lakehouse.pipeline.ingestion url='https://www.gob.mx/presidencia/es/articulos/version-estenografica-conferencia-de-prensa-de-la-presidenta-de-mexico-claudia-sheinbaum-pardo-en-culiacan-sinaloa?idiom=es'
2026-07-28T15:31:28.386347Z [info     ] Artículo insertado en Bronze   hash=25e6f0dab1d1190c62589a3b65e2bb49c7c88e0ab93941b3ae8ce56e8c2168ae layer=bronze module_name=lakehouse.pipeline.ingestion url='https://www.gob.mx/presidencia/es/articulos/version-estenografica-inauguracion-de-areas-medicas-hospital-pediatrico-imss-bienestar-culiacan-sinaloa?idiom=es'
2026-07-28T15:31:28.953222Z [info     ] Artículo insertado en Bronze   hash=8052a9dfe24013948fd6ed96204a997cafc000139c7f5302fb6a33b90c4407ca layer=bronze module_name=lakehouse.pipeline.ingestion url='https://www.gob.mx/presidencia/es/articulos/version-estenografica-conferencia-de-prensa-de-la-presidenta-claudia-sheinbaum-pardo-del-11-de-julio-de-2025?idiom=es'
2026-07-28T15:31:29.520207Z [info     ] Artículo insertado en Bronze   hash=1928faafc2b4eb0f23c9d4c570fa65e494edabb529ab5231106954c5e2328bac layer=bronze module_name=lakehouse.pipeline.ingestion url='https://www.gob.mx/presidencia/es/articulos/version-estenografica-conferencia-de-prensa-de-la-presidenta-claudia-sheinbaum-pardo-del-10-de-julio-de-2025?idiom=es'
2026-07-28T15:31:30.064987Z [info     ] Artículo insertado en Bronze   hash=5a83f252afc0b6856250b8e47b89e83ca2e8ad4c48990865ea88474f1cbd0217 layer=bronze module_name=lakehouse.pipeline.ingestion url='https://www.gob.mx/presidencia/es/articulos/version-estenografica-dia-internacional-de-la-destruccion-de-armas-de-fuego?idiom=es'
2026-07-28T15:31:30.598525Z [info     ] Artículo insertado en Bronze   hash=79c3aa82d69e379506b602c42e30bfcc8739a13c97765ac84e9d313b86a1bfde layer=bronze module_name=lakehouse.pipeline.ingestion url='https://www.gob.mx/presidencia/es/articulos/version-estenografica-conferencia-de-prensa-de-la-presidenta-claudia-sheinbaum-pardo-del-09-de-julio-de-2025?idiom=es'
2026-07-28T15:31:31.154349Z [info     ] Artículo insertado en Bronze   hash=d3886828c72ce1615c77c48ef2f62ec120ecba05357db30afdf488c18802bf04 layer=bronze module_name=lakehouse.pipeline.ingestion url='https://www.gob.mx/presidencia/es/articulos/version-estenografica-conferencia-de-prensa-de-la-presidenta-claudia-sheinbaum-pardo-del-08-de-julio-de-2025?idiom=es'
2026-07-28T15:31:31.654779Z [info     ] Artículo insertado en Bronze   hash=9227b202ee069a06477fb75ea24da3f0f5167be2009b0312d8d92f0a38db6a25 layer=bronze module_name=lakehouse.pipeline.ingestion url='https://www.gob.mx/presidencia/es/articulos/version-estenografica-conferencia-de-prensa-de-la-presidenta-claudia-sheinbaum-pardo-del-07-de-julio-de-2025?idiom=es'
2026-07-28T15:31:32.121529Z [info     ] Artículo insertado en Bronze   hash=af4909df5fb9142d7ea20c9721f63c19895ca5d2eb9ab65e5ea70e39114ff884 layer=bronze module_name=lakehouse.pipeline.ingestion url='https://www.gob.mx/presidencia/es/articulos/version-estenografica-faispiam-presupuesto-directo-para-pueblos-indigenas-y-afromexicanos-acayucan-veracruz?idiom=es'
2026-07-28T15:31:32.588443Z [info     ] Artículo insertado en Bronze   hash=3d05488a3d4c2f991bf498a9abfbd45c37aa880d52532208fedf2be1d577ccad layer=bronze module_name=lakehouse.pipeline.ingestion url='https://www.gob.mx/presidencia/es/articulos/version-estenografica-inauguracion-hospital-materno-infantil-coatzacoalcos-veracruz?idiom=es'
2026-07-28T15:31:33.055454Z [info     ] Artículo insertado en Bronze   hash=3d9a922617e784c67f0a90df4078e2b7d1cad34493377644e82dc9dce47ee6f1 layer=bronze module_name=lakehouse.pipeline.ingestion url='https://www.gob.mx/presidencia/es/articulos/version-estenografica-inauguracion-central-de-ciclo-combinado-villa-de-reyes-san-luis-potosi?idiom=es'
2026-07-28T15:31:33.544766Z [info     ] Artículo insertado en Bronze   hash=8e4e574184fb3b66fc467f7b16af30141cff81b13f2ddf3dce42e86e37fbe4b9 layer=bronze module_name=lakehouse.pipeline.ingestion url='https://www.gob.mx/presidencia/es/articulos/version-estenografica-inauguracion-torre-del-hospital-general-imss-bienestar-rioverde-san-luis-potosi?idiom=es'
2026-07-28T15:31:34.011607Z [info     ] Artículo insertado en Bronze   hash=70b95f21fdc53c55e3e266915e674852a04c5feabb7d6e3d633ae94fb4c405cb layer=bronze module_name=lakehouse.pipeline.ingestion url='https://www.gob.mx/presidencia/es/articulos/version-estenografica-supervision-de-obra-hospital-general-imss-bienestar-ciudad-madero-tamaulipas?idiom=es'
2026-07-28T15:31:34.478533Z [info     ] Artículo insertado en Bronze   hash=d059393670736d9bd8a4b9a278c9b8e4d356951d37348d379621d50e2e11b04b layer=bronze module_name=lakehouse.pipeline.ingestion url='https://www.gob.mx/presidencia/es/articulos/version-estenografica-salud-casa-por-casa-tampico-tamaulipas?idiom=es'
2026-07-28T15:31:35.012204Z [info     ] Artículo insertado en Bronze   hash=a15f908fe0bb83ff7e72aaf28421c74fce4f0fb5b5d102a696bb46dc90f90569 layer=bronze module_name=lakehouse.pipeline.ingestion url='https://www.gob.mx/presidencia/es/articulos/version-estenografica-conferencia-de-prensa-de-la-presidenta-claudia-sheinbaum-pardo-del-04-de-julio-de-2025?idiom=es'
2026-07-28T15:31:35.536191Z [info     ] Artículo insertado en Bronze   hash=bdd2806cb23c3de9cb03f5771ff736b73cd5a00f9c5800aac83f0d7460094711 layer=bronze module_name=lakehouse.pipeline.ingestion url='https://www.gob.mx/presidencia/es/articulos/version-estenografica-conferencia-de-prensa-de-la-presidenta-claudia-sheinbaum-pardo-del-03-de-julio-de-2025?idiom=es'
2026-07-28T15:31:36.302904Z [info     ] Artículo insertado en Bronze   hash=4fa3d67d60ef9cfc79f584286e6bce311f2fc38bca8eb835bc21307b040e6299 layer=bronze module_name=lakehouse.pipeline.ingestion url='https://www.gob.mx/presidencia/es/articulos/version-estenografica-conferencia-de-prensa-de-la-presidenta-claudia-sheinbaum-pardo-del-02-de-julio-de-2025?idiom=es'
2026-07-28T15:31:36.758746Z [info     ] Artículo insertado en Bronze   hash=a34f172602344c8fdbe5d08f800c626d32cfca41924a2cc818f820b078ba5b16 layer=bronze module_name=lakehouse.pipeline.ingestion url='https://www.gob.mx/presidencia/es/articulos/version-estenografica-arribo-del-primer-avion-embraer-e195-e2-de-mexicana-zumpango-estado-de-mexico?idiom=es'
2026-07-28T15:31:37.281318Z [info     ] Artículo insertado en Bronze   hash=4ead17de5d9bd8e28c731725e2ac6217a462304305c6d786a2d1ed182af27791 layer=bronze module_name=lakehouse.pipeline.ingestion url='https://www.gob.mx/presidencia/es/articulos/version-estenografica-conferencia-de-prensa-de-la-presidenta-claudia-sheinbaum-pardo-del-01-de-julio-de-2025?idiom=es'
2026-07-28T15:31:37.759279Z [info     ] Artículo insertado en Bronze   hash=3614bf76786b5c6f92c82fc2c45243fc2cb89e151b07aad2651fa449377c062c layer=bronze module_name=lakehouse.pipeline.ingestion url='https://www.gob.mx/presidencia/es/articulos/version-estenografica-6-aniversario-de-la-guardia-nacional-ciudad-de-mexico?idiom=es'
2026-07-28T15:31:38.237423Z [info     ] Artículo insertado en Bronze   hash=e8c2e763b4124acbaefa428af7e1acaab761a7e78d0f331876899a3cd45e2408 layer=bronze module_name=lakehouse.pipeline.ingestion url='https://www.gob.mx/presidencia/es/articulos/version-estenografica-conferencia-de-prensa-de-la-presidenta-claudia-sheinbaum-pardo-del-30-de-junio-de-2025?idiom=es'
2026-07-28T15:31:38.718814Z [info     ] Artículo insertado en Bronze   hash=e9ef72e11df2ddecffe78d3b8be752f83b5209feef00799bdcb917e9cbfe2a34 layer=bronze module_name=lakehouse.pipeline.ingestion url='https://www.gob.mx/presidencia/es/articulos/version-estenografica-proyectos-prioritarios-en-colima?idiom=es'
2026-07-28T15:31:39.226792Z [info     ] Artículo insertado en Bronze   hash=546b3f14abf63bcbfe5e4d3ec1a176dbeec43570740de25f85cd5a642c6e9f5c layer=bronze module_name=lakehouse.pipeline.ingestion url='https://www.gob.mx/presidencia/es/articulos/version-estenografica-supervision-de-obra-hospital-comunitario-imss-bienestar-maruata-aquila-michoacan?idiom=es'
2026-07-28T15:31:39.649351Z [info     ] Artículo insertado en Bronze   hash=d2e5e0cd6221c77d0ae7784cfb7b292e5cd3225b88ee5f14f94bd04b82ac51d2 layer=bronze module_name=lakehouse.pipeline.ingestion url='https://www.gob.mx/presidencia/es/articulos/version-estenografica-salud-casa-por-casa-aquila-michoacan?idiom=es'
2026-07-28T15:31:40.127189Z [info     ] Artículo insertado en Bronze   hash=5632704f8a48f163c92641440aac934ac5566d5dc956579d1f7198e5b7513cdf layer=bronze module_name=lakehouse.pipeline.ingestion url='https://www.gob.mx/presidencia/es/articulos/version-estenografica-supervision-de-obra-hospital-de-alta-especialidad-imss-bienestar-tepic-nayarit?idiom=es'
2026-07-28T15:31:40.527811Z [info     ] Artículo insertado en Bronze   hash=fc565633cb4baf7b3ff42422e9e5b3c1f7be37c1d2b9a55ae449c75972bb4f0e layer=bronze module_name=lakehouse.pipeline.ingestion url='https://www.gob.mx/presidencia/es/articulos/version-estenografica-salud-casa-por-casa-tepic-nayarit?idiom=es'
2026-07-28T15:31:40.983545Z [info     ] Artículo insertado en Bronze   hash=8be5a7799fcc974bbf7c5edea7c88621a3853f46e4ca8811e0ab32c747724afe layer=bronze module_name=lakehouse.pipeline.ingestion url='https://www.gob.mx/presidencia/es/articulos/version-estenografica-faispiam-presupuesto-directo-para-pueblos-indigenas-y-afromexicanos-del-nayar-nayarit?idiom=es'
2026-07-28T15:31:41.506102Z [info     ] Artículo insertado en Bronze   hash=2ae79f17635fea8d05d01c3f6de4b6df586478a625ffd908526f4f495a856426 layer=bronze module_name=lakehouse.pipeline.ingestion url='https://www.gob.mx/presidencia/es/articulos/version-estenografica-conferencia-de-prensa-de-la-presidenta-claudia-sheinbaum-pardo-del-27-de-junio-de-2025?idiom=es'
2026-07-28T15:31:41.995357Z [info     ] Artículo insertado en Bronze   hash=cdb783009415a0ff3faeae28d23dd663529d9c56529598b0e12296fc04f80c33 layer=bronze module_name=lakehouse.pipeline.ingestion url='https://www.gob.mx/presidencia/es/articulos/version-estenografica-conferencia-de-prensa-de-la-presidenta-claudia-sheinbaum-pardo-del-26-de-junio-de-2025?idiom=es'
2026-07-28T15:31:42.451062Z [info     ] Artículo insertado en Bronze   hash=d699e9023346885a7f072fe28ba553f232d15b96011b3c4d4d8763d818e30203 layer=bronze module_name=lakehouse.pipeline.ingestion url='https://www.gob.mx/presidencia/es/articulos/version-estenografica-conferencia-de-prensa-de-la-presidenta-claudia-sheinbaum-pardo-del-25-de-junio-de-2025?idiom=es'
2026-07-28T15:31:42.929152Z [info     ] Artículo insertado en Bronze   hash=b80cd8227a90f634fc3c7a50df545bb8a527f243f106d5439fbea0ab5a7206d3 layer=bronze module_name=lakehouse.pipeline.ingestion url='https://www.gob.mx/presidencia/es/articulos/version-estenografica-conferencia-de-prensa-de-la-presidenta-claudia-sheinbaum-pardo-del-24-de-junio-de-2025?idiom=es'
2026-07-28T15:31:43.429241Z [info     ] Artículo insertado en Bronze   hash=a8e957b1eeae4f857a36d68e10cfd5d576dc73adbb0ff905bfd80ad5f7947f38 layer=bronze module_name=lakehouse.pipeline.ingestion url='https://www.gob.mx/presidencia/es/articulos/version-estenografica-conferencia-de-prensa-de-la-presidenta-claudia-sheinbaum-pardo-del-23-de-junio-de-2025?idiom=es'
2026-07-28T15:31:43.885300Z [info     ] Artículo insertado en Bronze   hash=824dc07b6dfb21b958948d0e20f8b1f9fd7a85b228603e1640122b77069a52d5 layer=bronze module_name=lakehouse.pipeline.ingestion url='https://www.gob.mx/presidencia/es/articulos/version-estenografica-programas-para-el-bienestar-carmen-campeche?idiom=es'
2026-07-28T15:31:44.307770Z [info     ] Artículo insertado en Bronze   hash=5f03a5e631785ffc1c8a74473bf9e322c2b521980def71db39f4f5b88fa5c44f layer=bronze module_name=lakehouse.pipeline.ingestion url='https://www.gob.mx/presidencia/es/articulos/salud-casa-por-casa-carmen-campeche-401243?idiom=es'
2026-07-28T15:31:44.752309Z [info     ] Artículo insertado en Bronze   hash=10b6cc923225f32047d2f2d462f19315073280c9302a198375f3f34315d69878 layer=bronze module_name=lakehouse.pipeline.ingestion url='https://www.gob.mx/presidencia/es/articulos/version-estenografica-faispiam-presupuesto-directo-para-pueblos-indigenas-y-afromexicanos-champoton-campeche?idiom=es'
2026-07-28T15:31:45.208285Z [info     ] Artículo insertado en Bronze   hash=eb5dbd3be4036f18143902420197ebb5c7766a5b0104c78537963b364608f84e layer=bronze module_name=lakehouse.pipeline.ingestion url='https://www.gob.mx/presidencia/es/articulos/version-estenografica-supervision-de-obra-del-hospital-general-dr-agustin-o-horan?idiom=es'
2026-07-28T15:31:45.741832Z [info     ] Artículo insertado en Bronze   hash=22841c0358fd65c487d8b9fd538641d47ae08754ea6d99170a32237e0983b169 layer=bronze module_name=lakehouse.pipeline.ingestion url='https://www.gob.mx/presidencia/es/articulos/version-estenografica-conferencia-de-prensa-de-la-presidenta-claudia-sheinbaum-pardo-del-20-de-junio-de-2025?idiom=es'
2026-07-28T15:31:46.253411Z [info     ] Artículo insertado en Bronze   hash=e8d96b3a621726f064fa3f5a3c365c2c336ab6d59fae87999620fc8dbbf1ffa1 layer=bronze module_name=lakehouse.pipeline.ingestion url='https://www.gob.mx/presidencia/es/articulos/version-estenografica-conferencia-de-prensa-de-la-presidenta-claudia-sheinbaum-pardo-del-19-de-junio-de-2025?idiom=es'
2026-07-28T15:31:46.709198Z [info     ] Artículo insertado en Bronze   hash=824de626ee5443ffec957e6675e934adf24a734f756e87551c6630f7d54164a7 layer=bronze module_name=lakehouse.pipeline.ingestion url='https://www.gob.mx/presidencia/es/articulos/version-estenografica-mensaje-de-la-presidenta-de-mexico-claudia-sheinbaum-pardo-401027?idiom=es'
2026-07-28T15:31:47.098342Z [info     ] Artículo insertado en Bronze   hash=df6c4f7c518f348099355f9a20641d8ce3a1e6c1be0d9ae741e2b34f43bef97a layer=bronze module_name=lakehouse.pipeline.ingestion url='https://www.gob.mx/presidencia/es/articulos/version-estenografica-mensaje-de-la-presidenta-de-mexico-claudia-sheinbaum-pardo-durante-plenaria-de-la-51-cumbre-de-lideres-del-g7?idiom=es'
2026-07-28T15:31:47.654162Z [info     ] Artículo insertado en Bronze   hash=4e986f17145985dadc70276813dc09d4992574800762b7723bb41990c39931a3 layer=bronze module_name=lakehouse.pipeline.ingestion url='https://www.gob.mx/presidencia/es/articulos/version-estenografica-conferencia-de-prensa-de-la-presidenta-claudia-sheinbaum-pardo-del-18-de-junio-de-2025?idiom=es'
2026-07-28T15:31:48.132274Z [info     ] Artículo insertado en Bronze   hash=af08e23daa84cbe50de8a3e220486c0fbb366b4f660fbc457d264621dc5fdafb layer=bronze module_name=lakehouse.pipeline.ingestion url='https://www.gob.mx/presidencia/es/articulos/version-estenografica-conferencia-de-prensa-matutina-del-17-de-junio-de-2025?idiom=es'
2026-07-28T15:31:48.643566Z [info     ] Artículo insertado en Bronze   hash=079b0e337474ba0a207a8cda8b6ee0ffcaff716490658a4263c5d148d5ab47b9 layer=bronze module_name=lakehouse.pipeline.ingestion url='https://www.gob.mx/presidencia/es/articulos/version-estenografica-conferencia-de-prensa-matutina-del-16-de-junio-de-2025?idiom=es'
2026-07-28T15:31:49.121755Z [info     ] Artículo insertado en Bronze   hash=65eddaab7041a7a418cd6fc7b80206d3de035bb747dfc34fca9b4f195d2462a0 layer=bronze module_name=lakehouse.pipeline.ingestion url='https://www.gob.mx/presidencia/es/articulos/version-estenografica-faispiam-presupuesto-directo-para-pueblos-indigenas-y-afromexicanos?idiom=es'
2026-07-28T15:31:49.588558Z [info     ] Artículo insertado en Bronze   hash=40e70e421ead07d9f8ab35bc4cbcd998fb05e231bed94cb19725006c3fa11594 layer=bronze module_name=lakehouse.pipeline.ingestion url='https://www.gob.mx/presidencia/es/articulos/version-estenografica-programas-para-el-bienestar-400552?idiom=es'
2026-07-28T15:31:50.044391Z [info     ] Artículo insertado en Bronze   hash=2703584e96b10952ebc4b4c278fb9f3e68ee1e6a6aa5b0469cffd21a3099e308 layer=bronze module_name=lakehouse.pipeline.ingestion url='https://www.gob.mx/presidencia/es/articulos/version-estenografica-salud-casa-por-casa-400548?idiom=es'
2026-07-28T15:31:50.489035Z [info     ] Artículo insertado en Bronze   hash=acdd0cbb343779218b0034180708af85d1b61df5b3f35963a5bb2c592d4cb8f1 layer=bronze module_name=lakehouse.pipeline.ingestion url='https://www.gob.mx/presidencia/es/articulos/version-estenografica-salud-casa-por-casa?idiom=es'
2026-07-28T15:31:50.989547Z [info     ] Artículo insertado en Bronze   hash=1a8e2b1f18ff81044e3142577a98717cd59dc24a7efc8980c057cc38cece5ae6 layer=bronze module_name=lakehouse.pipeline.ingestion url='https://www.gob.mx/presidencia/es/articulos/version-estenografica-programas-para-el-bienestar-400510?idiom=es'
2026-07-28T15:31:51.489603Z [info     ] Artículo insertado en Bronze   hash=671e45229ada0685f95489a112e23d73c6f4775a82f05be53ab721f1d5a7d4b1 layer=bronze module_name=lakehouse.pipeline.ingestion url='https://www.gob.mx/presidencia/es/articulos/version-estenografica-conferencia-de-prensa-de-la-presidenta-claudia-sheinbaum-pardo-del-13-de-junio-de-2025?idiom=es'
2026-07-28T15:31:52.067712Z [info     ] Artículo insertado en Bronze   hash=fc7fe9f3396186416bcf5844452ceadb7d3af5866b105fb9dbe23f7d187da5b8 layer=bronze module_name=lakehouse.pipeline.ingestion url='https://www.gob.mx/presidencia/es/articulos/version-estenografica-conferencia-de-prensa-de-la-presidenta-claudia-sheinbaum-pardo-del-12-de-junio-de-2025?idiom=es'
2026-07-28T15:31:52.545653Z [info     ] Artículo insertado en Bronze   hash=e4ac375be3b495a8d2d675675b6a33c07dc98404e89e5510f473013178a9ab4e layer=bronze module_name=lakehouse.pipeline.ingestion url='https://www.gob.mx/presidencia/es/articulos/version-estenografica-conferencia-de-prensa-de-la-presidenta-claudia-sheinbaum-pardo-del-11-de-junio-de-2025?idiom=es'
2026-07-28T15:31:53.035025Z [info     ] Artículo insertado en Bronze   hash=69e9ba0845e69b44cab56cd5fa45ff827e11246d83b7725e4c3b85d7183c5d1b layer=bronze module_name=lakehouse.pipeline.ingestion url='https://www.gob.mx/presidencia/es/articulos/version-estenografica-conferencia-de-prensa-de-la-presidenta-claudia-sheinbaum-pardo-del-10-de-junio-de-2025?idiom=es'
2026-07-28T15:31:53.579589Z [info     ] Artículo insertado en Bronze   hash=d9cad69e253b3489a99c02fc5b14c6c7635db382f8d16a90cebef7b7883e0590 layer=bronze module_name=lakehouse.pipeline.ingestion url='https://www.gob.mx/presidencia/es/articulos/version-estenografica-conferencia-de-prensa-de-la-presidenta-claudia-sheinbaum-pardo-del-09-de-junio-de-2025?idiom=es'
2026-07-28T15:31:54.035567Z [info     ] Artículo insertado en Bronze   hash=a5df8da880336bd565616f4caabf1044854cf501eabefc958370a6caf66a3187 layer=bronze module_name=lakehouse.pipeline.ingestion url='https://www.gob.mx/presidencia/es/articulos/version-estenografica-inauguracion-hospital-de-la-ninez-poblana-imss-bienestar-san-andres-cholula-puebla?idiom=es'
2026-07-28T15:31:54.491263Z [info     ] Artículo insertado en Bronze   hash=e2a64da26d48183e201e813fbc8fd6e7dc096d303cf21d66a047cc85eb9e498e layer=bronze module_name=lakehouse.pipeline.ingestion url='https://www.gob.mx/presidencia/es/articulos/version-estenografica-inicio-de-construccion-del-hospital-general-de-zona-imss-yecapixtla-morelos?idiom=es'
2026-07-28T15:31:54.891642Z [info     ] Artículo insertado en Bronze   hash=3cdda3e0733156adfa6ff902f377e7d06b1851521652828be096db059f29c44b layer=bronze module_name=lakehouse.pipeline.ingestion url='https://www.gob.mx/presidencia/es/articulos/version-estenografica-asamblea-del-faispiam-en-coatetelco-morelos?idiom=es'
2026-07-28T15:31:55.336348Z [info     ] Artículo insertado en Bronze   hash=674a5b2dbb248351c3729ceb99462e900f26ca714b02b0cb085fa787e02c7bdf layer=bronze module_name=lakehouse.pipeline.ingestion url='https://www.gob.mx/presidencia/es/articulos/version-estenografica-salud-casa-por-casa-emiliano-zapata-morelos?idiom=es'
2026-07-28T15:31:55.736781Z [info     ] Artículo insertado en Bronze   hash=44f08904e816882b1ebf465d23bac43aed31f1555a5df334d21e4a62b1e3980b layer=bronze module_name=lakehouse.pipeline.ingestion url='https://www.gob.mx/presidencia/es/articulos/version-estenografica-inauguracion-del-centro-libre-para-las-mujeres-temixco-morelos?idiom=es'
2026-07-28T15:31:56.203414Z [info     ] Artículo insertado en Bronze   hash=69381918d200a410ea0f6de019587c2ca30a31d6f702b8f77c53c1c47f1a52dc layer=bronze module_name=lakehouse.pipeline.ingestion url='https://www.gob.mx/presidencia/es/articulos/version-estenografica-salud-casa-por-casa-ixtapaluca-estado-de-mexico?idiom=es'
2026-07-28T15:31:56.670383Z [info     ] Artículo insertado en Bronze   hash=5c4b4edf8376a807007e78f60b022ce9c594f15a44a61667c2f8b29640e2eee8 layer=bronze module_name=lakehouse.pipeline.ingestion url='https://www.gob.mx/presidencia/es/articulos/version-estenografica-conferencia-de-prensa-de-la-presidenta-claudia-sheinbaum-pardo-del-06-de-junio-de-2025?idiom=es'
2026-07-28T15:31:57.148587Z [info     ] Artículo insertado en Bronze   hash=3e14e089a92f66fbc58b7af13764d6c086feb4359a4f52db18b129d07b6df131 layer=bronze module_name=lakehouse.pipeline.ingestion url='https://www.gob.mx/presidencia/es/articulos/version-estenografica-conferencia-de-prensa-de-la-presidenta-claudia-sheinbaum-pardo-del-05-de-junio-de-2025?idiom=es'
2026-07-28T15:31:57.783308Z [info     ] Artículo insertado en Bronze   hash=afe94523fbac5da3c70c026f3370920de40b17eeb2f12022816d2a45ba97a122 layer=bronze module_name=lakehouse.pipeline.ingestion url='https://www.gob.mx/presidencia/es/articulos/version-estenografica-conferencia-de-prensa-de-la-presidenta-claudia-sheinbaum-pardo-del-04-de-junio-de-2025?idiom=es'
2026-07-28T15:31:58.261601Z [info     ] Artículo insertado en Bronze   hash=e63cc8b9e51d4f5575eb5288e95ed38b1cc2f2a46dee1b067d6d8bf937bd6f2d layer=bronze module_name=lakehouse.pipeline.ingestion url='https://www.gob.mx/presidencia/es/articulos/version-estenografica-conferencia-de-prensa-de-la-presidenta-claudia-sheinbaum-pardo-del-03-de-junio-de-2025?idiom=es'
2026-07-28T15:31:58.728211Z [info     ] Artículo insertado en Bronze   hash=651d0818a3fa5d874e2c3b7d4a8aeb45a12da73d1370e54d2dc89e6feaf0b81d layer=bronze module_name=lakehouse.pipeline.ingestion url='https://www.gob.mx/presidencia/es/articulos/version-estenografica-conferencia-de-prensa-de-la-presidenta-claudia-sheinbaum-pardo-del-02-de-junio-de-2025?idiom=es'
2026-07-28T15:31:59.150947Z [info     ] Artículo insertado en Bronze   hash=3f127121aa16ee95f3cd820908796088eaf13371f59e4990bdd1289e42cc0528 layer=bronze module_name=lakehouse.pipeline.ingestion url='https://www.gob.mx/presidencia/es/articulos/version-estenografica-mensaje-de-la-presidenta-de-mexico-claudia-sheinbaum-pardo-399338?idiom=es'
2026-07-28T15:31:59.618067Z [info     ] Artículo insertado en Bronze   hash=d727371d3671ad30e091b37d1b7e6896b985e25f433e833abedee7ad7623475c layer=bronze module_name=lakehouse.pipeline.ingestion url='https://www.gob.mx/presidencia/es/articulos/version-estenografica-dia-de-la-marina-nacional-399336?idiom=es'
2026-07-28T15:32:00.184615Z [info     ] Artículo insertado en Bronze   hash=81915f9dd83a04e33984ff44eb3de6590c64fdcd4c5932e9f77c542b15897b50 layer=bronze module_name=lakehouse.pipeline.ingestion url='https://www.gob.mx/presidencia/es/articulos/version-estenografica-mensaje-de-la-presidenta-de-mexico-claudia-sheinbaum-pardo?idiom=es'
2026-07-28T15:32:00.785063Z [info     ] Artículo insertado en Bronze   hash=66fb772ac44ec7204c6440e91901732ba5bf524624931b51e48447a22a96bd86 layer=bronze module_name=lakehouse.pipeline.ingestion url='https://www.gob.mx/presidencia/es/articulos/version-estenografica-conferencia-de-prensa-de-la-presidenta-claudia-sheinbaum-pardo-del-30-de-mayo-de-2025?idiom=es'
2026-07-28T15:32:01.285176Z [info     ] Artículo insertado en Bronze   hash=de6adba64f367a02d6b3bfd8443b50c85d5fb30e85fd79f1f01be43e1de04302 layer=bronze module_name=lakehouse.pipeline.ingestion url='https://www.gob.mx/presidencia/es/articulos/version-estenografica-conferencia-de-prensa-de-la-presidenta-claudia-sheinbaum-pardo-del-29-de-mayo-de-2025?idiom=es'
2026-07-28T15:32:01.818899Z [info     ] Artículo insertado en Bronze   hash=56d336946fc9fc4f190cd3b9cdcd55e6842a07c5ff64cb83a04bccd7f5f0eecd layer=bronze module_name=lakehouse.pipeline.ingestion url='https://www.gob.mx/presidencia/es/articulos/version-estenografica-conferencia-de-prensa-de-la-presidenta-claudia-sheinbaum-pardo-del-28-de-mayo-de-2025?idiom=es'
2026-07-28T15:32:02.352545Z [info     ] Artículo insertado en Bronze   hash=d782d6f753cee836499e2066f561deac6efa0e2bde86f6f30b2bcec27c6e6807 layer=bronze module_name=lakehouse.pipeline.ingestion url='https://www.gob.mx/presidencia/es/articulos/version-estenografica-conferencia-de-prensa-de-la-presidenta-claudia-sheinbaum-pardo-del-27-de-mayo-de-2025?idiom=es'
2026-07-28T15:32:02.897251Z [info     ] Artículo insertado en Bronze   hash=fa5813158ca11033e58d48c1390a763f8737aa699827770259c1d2b89c475b30 layer=bronze module_name=lakehouse.pipeline.ingestion url='https://www.gob.mx/presidencia/es/articulos/version-estenografica-conferencia-de-prensa-de-la-presidenta-claudia-sheinbaum-pardo-del-26-de-mayo-de-2025?idiom=es'
2026-07-28T15:32:03.386421Z [info     ] Artículo insertado en Bronze   hash=77b79ef298267aa9b3fa6063e2aa7e1d4a9ebd776d3fdd1e47655ab4f0d4e300 layer=bronze module_name=lakehouse.pipeline.ingestion url='https://www.gob.mx/presidencia/es/articulos/version-estenografica-salud-casa-por-casa-san-pedro-tlaquepaque-jalisco?idiom=es'
2026-07-28T15:32:03.853301Z [info     ] Artículo insertado en Bronze   hash=0251b32a8fcaf2ee3f925afc5d7f5cb7aff6e38050d0fd1dedff90aa5c543ef9 layer=bronze module_name=lakehouse.pipeline.ingestion url='https://www.gob.mx/presidencia/es/articulos/version-estenografica-salud-casa-por-casa-mazatlan-sinaloa?idiom=es'
2026-07-28T15:32:04.387030Z [info     ] Artículo insertado en Bronze   hash=97533b541ac2053e061f10a4078e59c0d78beb2cfbaeb27121dc09fb409e5c03 layer=bronze module_name=lakehouse.pipeline.ingestion url='https://www.gob.mx/presidencia/es/articulos/version-estenografica-proyectos-prioritarios-de-san-luis-potosi-villa-hidalgo-san-luis-potosi?idiom=es'
2026-07-28T15:32:04.853875Z [info     ] Artículo insertado en Bronze   hash=669827de14050c70c1a319f490c53649b5dbf0ee95b6ed4190e0ad6603c4b25e layer=bronze module_name=lakehouse.pipeline.ingestion url='https://www.gob.mx/presidencia/es/articulos/version-estenografica-salud-casa-por-casa-san-luis-potosi-san-luis-potosi?idiom=es'
2026-07-28T15:32:05.398553Z [info     ] Artículo insertado en Bronze   hash=e622292b0e11a58ed4b3008fb567e545aecc888f7eab5d8facc7a858ea49310c layer=bronze module_name=lakehouse.pipeline.ingestion url='https://www.gob.mx/presidencia/es/articulos/version-estenografica-conferencia-de-prensa-de-la-presidenta-claudia-sheinbaum-pardo-del-23-de-mayo-de-2025?idiom=es'
2026-07-28T15:32:05.910041Z [info     ] Artículo insertado en Bronze   hash=9b6cb887eb42cfff05286704a529abe7e5adc41eb710528cff8c19c8ffe58b45 layer=bronze module_name=lakehouse.pipeline.ingestion url='https://www.gob.mx/presidencia/es/articulos/version-estenografica-conferencia-de-prensa-de-la-presidenta-claudia-sheinbaum-pardo-del-22-de-mayo-de-2025?idiom=es'
2026-07-28T15:32:06.621449Z [info     ] Artículo insertado en Bronze   hash=6ab9b3fa92545458857e4bdce87a2eb67046f0f58b0d5f49588f38739a32e712 layer=bronze module_name=lakehouse.pipeline.ingestion url='https://www.gob.mx/presidencia/es/articulos/version-estenografica-conferencia-de-prensa-de-la-presidenta-claudia-sheinbaum-pardo-del-21-de-mayo-de-2025?idiom=es'
2026-07-28T15:32:07.310638Z [info     ] Artículo insertado en Bronze   hash=04c7adf7cf6cc4a36604bbad3e2af9be5c674802d31f6e5be4aa1cc35978dd66 layer=bronze module_name=lakehouse.pipeline.ingestion url='https://www.gob.mx/presidencia/es/articulos/version-estenografica-conferencia-de-prensa-de-la-presidenta-claudia-sheinbaum-pardo-del-20-de-mayo-de-2025?idiom=es'
2026-07-28T15:32:07.844268Z [info     ] Artículo insertado en Bronze   hash=3e9836b449c5d6b05e66de120bb0484c7a94f97a61dd506fa4385ad2e567e431 layer=bronze module_name=lakehouse.pipeline.ingestion url='https://www.gob.mx/presidencia/es/articulos/version-estenografica-conferencia-de-prensa-de-la-presidenta-claudia-sheinbaum-pardo-del-19-de-mayo-de-2025-398121?idiom=es'
2026-07-28T15:32:08.311244Z [info     ] Artículo insertado en Bronze   hash=5e4e1c43c434f9a402df6af8f7178d24aacfc902389ecdf0929a02a989cfb751 layer=bronze module_name=lakehouse.pipeline.ingestion url='https://www.gob.mx/presidencia/es/articulos/version-estenografica-proyectos-prioritarios-de-infraestructura?idiom=es'
2026-07-28T15:32:08.767011Z [info     ] Artículo insertado en Bronze   hash=18d7511fb5344fdec6e3345cc89ec9c3da93dc897983ae4198f736c8e53d3882 layer=bronze module_name=lakehouse.pipeline.ingestion url='https://www.gob.mx/presidencia/es/articulos/version-estenografica-inicio-de-obra-del-hospital-general-regional-imss-los-cabos-baja-california-sur?idiom=es'
2026-07-28T15:32:09.222806Z [info     ] Artículo insertado en Bronze   hash=9515c3b1a885d26362d0d9e0825528ef48da0057dccef652f065e1b0f2dd1f26 layer=bronze module_name=lakehouse.pipeline.ingestion url='https://www.gob.mx/presidencia/es/articulos/version-estenografica-plan-de-justicia-en-la-sierra-tarahumara?idiom=es'
2026-07-28T15:32:09.756498Z [info     ] Artículo insertado en Bronze   hash=ad34b75ea345f7b725ed436978b7c7cc176a4302d965dd795eecd46f16e06074 layer=bronze module_name=lakehouse.pipeline.ingestion url='https://www.gob.mx/presidencia/es/articulos/version-estenografica-inauguracion-hospital-regional-de-alta-especialidad-issste?idiom=es'
2026-07-28T15:32:10.223305Z [info     ] Artículo insertado en Bronze   hash=9b487a17ab0804938eb8bda39c13e8eea10091ac2bd2ba08213060eb3c0df4f0 layer=bronze module_name=lakehouse.pipeline.ingestion url='https://www.gob.mx/presidencia/es/articulos/version-estenografica-encuentro-con-familiares-de-mineros-de-pasta-de-conchos?idiom=es'
2026-07-28T15:32:10.745861Z [info     ] Artículo insertado en Bronze   hash=16ab70ab5853f205a91f14c8621c80458eadd5cc57d6184089b140e095c20e5c layer=bronze module_name=lakehouse.pipeline.ingestion url='https://www.gob.mx/presidencia/es/articulos/version-estenografica-conferencia-de-prensa-de-la-presidenta-claudia-sheinbaum-pardo-del-16-de-mayo-de-2025?idiom=es'
2026-07-28T15:32:11.390757Z [info     ] Artículo insertado en Bronze   hash=48660ee0f1c136945df3c1e40d5de6e60f0b845b1bd3ff95800f490becd1e3a8 layer=bronze module_name=lakehouse.pipeline.ingestion url='https://www.gob.mx/presidencia/es/articulos/version-estenografica-dia-de-la-maestra-y-el-maestro-397844?idiom=es'
2026-07-28T15:32:11.935451Z [info     ] Artículo insertado en Bronze   hash=e701e375fd19b723434c9cc0e6f614ff8e97b73149f6b4e034258c8d08b0969f layer=bronze module_name=lakehouse.pipeline.ingestion url='https://www.gob.mx/presidencia/es/articulos/version-estenografica-conferencia-de-prensa-de-la-presidenta-claudia-sheinbaum-pardo-del-15-de-mayo-de-2025?idiom=es'
2026-07-28T15:32:12.558055Z [info     ] Artículo insertado en Bronze   hash=e6408753d83fbfde2369dcb026a1390344219045d6d77d8dcff36d4508eb4212 layer=bronze module_name=lakehouse.pipeline.ingestion url='https://www.gob.mx/presidencia/es/articulos/version-estenografica-tejedoras-de-la-patria?idiom=es'
2026-07-28T15:32:13.091571Z [info     ] Artículo insertado en Bronze   hash=a83c50fce318d8b42932835520cd4bec20d1ca9986e2b85e2ea11a9f8388838d layer=bronze module_name=lakehouse.pipeline.ingestion url='https://www.gob.mx/presidencia/es/articulos/version-estenografica-conferencia-de-prensa-de-la-presidenta-claudia-sheinbaum-pardo-del-14-de-mayo-de-2025?idiom=es'
2026-07-28T15:32:13.603034Z [info     ] Artículo insertado en Bronze   hash=7968c9ba059306a7c55cd7fa2d0012a524e08ce9d63c0341cfa560f2f6d57aca layer=bronze module_name=lakehouse.pipeline.ingestion url='https://www.gob.mx/presidencia/es/articulos/version-estenografica-conferencia-de-prensa-de-la-presidenta-claudia-sheinbaum-pardo-del-13-de-mayo-de-2025?idiom=es'
2026-07-28T15:32:14.203479Z [info     ] Artículo insertado en Bronze   hash=64d160468031d42ef1aa1c3a361900df925a55a0dc742ca1bdc1ad7ae9ab620e layer=bronze module_name=lakehouse.pipeline.ingestion url='https://www.gob.mx/presidencia/es/articulos/version-estenografica-conferencia-de-prensa-de-la-presidenta-claudia-sheinbaum-pardo-del-12-de-mayo-de-2025?idiom=es'
2026-07-28T15:32:14.670244Z [info     ] Artículo insertado en Bronze   hash=5e57f0e1b9f9a6455fd22388e2feb69cac55ce2fb53460531f178078e7c6b05b layer=bronze module_name=lakehouse.pipeline.ingestion url='https://www.gob.mx/presidencia/es/articulos/version-estenografica-puesta-en-marcha-de-pruebas-preoperativas-de-la-linea-11-del-trolebus-elevado-chalco-santa-marta?idiom=es'
2026-07-28T15:32:15.214887Z [info     ] Artículo insertado en Bronze   hash=b5e9c0eb663c3d9a577dc8bcda72dc5d1315d1c94903c65ef5008fa3f120f8d1 layer=bronze module_name=lakehouse.pipeline.ingestion url='https://www.gob.mx/presidencia/es/articulos/version-estenografica-105-aniversario-de-la-columna-de-la-legalidad-tlalpan-ciudad-de-mexico?idiom=es'
2026-07-28T15:32:15.670751Z [info     ] Artículo insertado en Bronze   hash=2b0343986b6794db5a966d99330ed06f0f3c1128bec940c3e6c7f7e56cd2db00 layer=bronze module_name=lakehouse.pipeline.ingestion url='https://www.gob.mx/presidencia/es/articulos/version-estenografica-acapulco-se-transforma-contigo-acapulco-guerrero?idiom=es'
2026-07-28T15:32:16.204398Z [info     ] Artículo insertado en Bronze   hash=46ac111037986b5d01a70e300661eae1c062f6483d27f00cc822d9679c0cb72a layer=bronze module_name=lakehouse.pipeline.ingestion url='https://www.gob.mx/presidencia/es/articulos/version-estenografica-conferencia-de-prensa-de-la-presidenta-claudia-sheinbaum-pardo-del-09-de-mayo-de-2025?idiom=es'
2026-07-28T15:32:16.815704Z [info     ] Artículo insertado en Bronze   hash=91dc5941b827297200a9e49f9be50214642a46d8ef6ecca6694dd9e65245d9c7 layer=bronze module_name=lakehouse.pipeline.ingestion url='https://www.gob.mx/presidencia/es/articulos/version-estenografica-88-convencion-bancaria?idiom=es'
2026-07-28T15:32:17.371813Z [info     ] Artículo insertado en Bronze   hash=fa37198e6ef7fe06ef31a247b27f20e6e0091df823844fb637d7a45560c59d75 layer=bronze module_name=lakehouse.pipeline.ingestion url='https://www.gob.mx/presidencia/es/articulos/version-estenografica-plan-de-justicia-para-el-pueblo-wixarika?idiom=es'
2026-07-28T15:32:17.827538Z [info     ] Artículo insertado en Bronze   hash=0076c72f3334ae69c4491d0846edef102659e649004e82b4c0a0a9d270452aa5 layer=bronze module_name=lakehouse.pipeline.ingestion url='https://www.gob.mx/presidencia/es/articulos/version-estenografica-conferencia-de-prensa-de-la-presidenta-claudia-sheinbaum-pardo-del-08-de-mayo-de-2025?idiom=es'
2026-07-28T15:32:19.531389Z [info     ] Artículo insertado en Bronze   hash=ea77a6e55880c4ee58aa9d3285eb0c6e1bb4e8260cceb2f5ea791efed2c3694a layer=bronze module_name=lakehouse.pipeline.ingestion url='https://www.gob.mx/presidencia/es/articulos/version-estenografica-conferencia-de-prensa-de-la-presidenta-claudia-sheinbaum-pardo-del-07-de-mayo-de-2025?idiom=es'
2026-07-28T15:32:20.128727Z [info     ] Artículo insertado en Bronze   hash=f293dc2970405fff2a79c45767205bae7ae3ddd2cd3579ddf738cfd59db2c6dc layer=bronze module_name=lakehouse.pipeline.ingestion url='https://www.gob.mx/presidencia/es/articulos/version-estenografica-conferencia-de-prensa-de-la-presidenta-claudia-sheinbaum-pardo-del-06-de-mayo-de-2025?idiom=es'
2026-07-28T15:32:20.562283Z [info     ] Artículo insertado en Bronze   hash=bbba550882bfcaa4833aa9fbc2511288a665c2c6b0f07d0efb7951596683891c layer=bronze module_name=lakehouse.pipeline.ingestion url='https://www.gob.mx/presidencia/es/articulos/version-estenografica-163-aniversario-de-la-batalla-de-puebla?idiom=es'
2026-07-28T15:32:21.051479Z [info     ] Artículo insertado en Bronze   hash=98e373f6c83d3a9eeef73d1e3a722441708ff1a9ccb8576abedb20b52cf77620 layer=bronze module_name=lakehouse.pipeline.ingestion url='https://www.gob.mx/presidencia/es/articulos/version-estenografica-conferencia-de-prensa-de-la-presidenta-claudia-sheinbaum-pardo-del-05-de-mayo-de-2025?idiom=es'
2026-07-28T15:32:21.564015Z [info     ] Artículo insertado en Bronze   hash=17d4a66225ec39a4b2a71a7b739cc2a95543be25ce1e8101477b2198f5771fe9 layer=bronze module_name=lakehouse.pipeline.ingestion url='https://www.gob.mx/presidencia/es/articulos/version-estenografica-plan-integral-para-el-oriente-del-estado-de-mexico?idiom=es'
2026-07-28T15:32:22.019720Z [info     ] Artículo insertado en Bronze   hash=2d567077481cc044b199749aa35533faa368f637ebe501f3e3e8efad1903e0e2 layer=bronze module_name=lakehouse.pipeline.ingestion url='https://www.gob.mx/presidencia/es/articulos/version-estenografica-inauguracion-del-hospital-general-de-atenco-imss-bienestar?idiom=es'
2026-07-28T15:32:22.475687Z [info     ] Artículo insertado en Bronze   hash=8833b30a736f6a902db86b61222f60165bcc5f28fee13c456c3b5d9eaf60bbcb layer=bronze module_name=lakehouse.pipeline.ingestion url='https://www.gob.mx/presidencia/es/articulos/version-estenografica-inauguracion-universidad-para-el-bienestar-sede-parque-ecologico-lago-de-texcoco?idiom=es'
2026-07-28T15:32:23.031559Z [info     ] Artículo insertado en Bronze   hash=28260f831a78323f393b3b113a8d581e0aadfa1864537c22443765bfbbf7ee34 layer=bronze module_name=lakehouse.pipeline.ingestion url='https://www.gob.mx/presidencia/es/articulos/version-estenografica-dia-del-trabajo-396729?idiom=es'
2026-07-28T15:32:23.576238Z [info     ] Artículo insertado en Bronze   hash=4b8274cf227bbc22e901a4e072fc22c1b57a395e7d91ed617503b6ed674b3e75 layer=bronze module_name=lakehouse.pipeline.ingestion url='https://www.gob.mx/presidencia/es/articulos/version-estenografica-conferencia-de-prensa-de-la-presidenta-claudia-sheinbaum-pardo-del-01-de-mayo-de-2025?idiom=es'
2026-07-28T15:32:24.076528Z [info     ] Artículo insertado en Bronze   hash=50a1c9eb2504b3f57a586bb76ad624f18b12bcbd61f7f8a3fe13cc0ad87a4781 layer=bronze module_name=lakehouse.pipeline.ingestion url='https://www.gob.mx/presidencia/es/articulos/version-estenografica-conferencia-de-prensa-de-la-presidenta-claudia-sheinbaum-pardo-del-30-de-abril-de-2025?idiom=es'
2026-07-28T15:32:24.587925Z [info     ] Artículo insertado en Bronze   hash=85b04757561ee184c19e5a7a5d8b2fa9cc62624fec7ad211f3ebdccdfac2bc7c layer=bronze module_name=lakehouse.pipeline.ingestion url='https://www.gob.mx/presidencia/es/articulos/version-estenografica-conferencia-de-prensa-de-la-presidenta-claudia-sheinbaum-pardo-del-29-de-abril-de-2025?idiom=es'
2026-07-28T15:32:25.099222Z [info     ] Artículo insertado en Bronze   hash=0d484afea793e8eebdb4d3e479debf9c14bef63bd7159214b56caf6eed71cac3 layer=bronze module_name=lakehouse.pipeline.ingestion url='https://www.gob.mx/presidencia/es/articulos/version-estenografica-conferencia-de-prensa-de-la-presidenta-claudia-sheinbaum-pardo-del-28-de-abril-de-2025?idiom=es'
2026-07-28T15:32:25.524990Z [info     ] Artículo insertado en Bronze   hash=a33da6a2c26edee46afb42734ce8a805894413259c4527f0a6ef90d109bd0d9d layer=bronze module_name=lakehouse.pipeline.ingestion url='https://www.gob.mx/presidencia/es/articulos/version-estenografica-inicio-de-la-construccion-del-tren-mexico-queretaro-pedro-escobedo-queretaro?idiom=es'
2026-07-28T15:32:25.977873Z [info     ] Artículo insertado en Bronze   hash=b78c5faa89c622c5839ee28d514819d3d2b3a14d52868f6a7d96dad002736b71 layer=bronze module_name=lakehouse.pipeline.ingestion url='https://www.gob.mx/presidencia/es/articulos/version-estenografica-plan-de-autosuficiencia-de-leche-campeche-campeche?idiom=es'
2026-07-28T15:32:26.455615Z [info     ] Artículo insertado en Bronze   hash=8b18aec8f0b7c7f0b5ba11cdee0ccfbb3c5433cd0db20a767075930d6cabb28c layer=bronze module_name=lakehouse.pipeline.ingestion url='https://www.gob.mx/presidencia/es/articulos/vivienda-para-el-bienestar-campeche-campeche-396436?idiom=es'
2026-07-28T15:32:26.911400Z [info     ] Artículo insertado en Bronze   hash=281370c061c2fd7a6029d35b2130f48bd0df8d7d20191ce9bd623e6b4c074939 layer=bronze module_name=lakehouse.pipeline.ingestion url='https://www.gob.mx/presidencia/es/articulos/version-estenografica-tren-maya-banderazo-a-la-construccion-del-transporte-de-carga-progreso-yucatan?idiom=es'
2026-07-28T15:32:27.522767Z [info     ] Artículo insertado en Bronze   hash=66a5067f37b5af9bb4a5c7f575949f9780521e4fda263359dc103f1b9bfc8bae layer=bronze module_name=lakehouse.pipeline.ingestion url='https://www.gob.mx/presidencia/es/articulos/version-estenografica-vivienda-para-el-bienestar?idiom=es'
2026-07-28T15:32:28.067518Z [info     ] Artículo insertado en Bronze   hash=9deca02009d1d450d46747cca01ad66a4708afa23aeb3d00fd8f63a574996fd5 layer=bronze module_name=lakehouse.pipeline.ingestion url='https://www.gob.mx/presidencia/es/articulos/version-estenografica-conferencia-de-prensa-de-la-presidenta-claudia-sheinbaum-pardo-del-25-de-abril-de-2025?idiom=es'
2026-07-28T15:32:28.567719Z [info     ] Artículo insertado en Bronze   hash=964800c04cd7da7e71385954fd2c47b94804eeb80035c92024f5b16c53718da5 layer=bronze module_name=lakehouse.pipeline.ingestion url='https://www.gob.mx/presidencia/es/articulos/version-estenografica-conferencia-de-prensa-de-la-presidenta-claudia-sheinbaum-pardo-del-24-de-abril-de-2025?idiom=es'
2026-07-28T15:32:29.023661Z [info     ] Artículo insertado en Bronze   hash=783ec9c5b3ceb0742b246a0231f481fe26b58fe10c64f1b042f2f1821d2438c8 layer=bronze module_name=lakehouse.pipeline.ingestion url='https://www.gob.mx/presidencia/es/articulos/version-estenografica-inauguracion-del-tramo-cuauhtemoc-a-chapultepec-de-la-nueva-linea-1-del-sistema-de-transporte-colectivo-metro?idiom=es'
2026-07-28T15:32:29.490610Z [info     ] Artículo insertado en Bronze   hash=8584ff67f2b73938050b58b5e13ef5aa3aece8b5248450df8bd9704d8a6a5a1e layer=bronze module_name=lakehouse.pipeline.ingestion url='https://www.gob.mx/presidencia/es/articulos/version-estenografica-conferencia-de-prensa-de-la-presidenta-claudia-sheinbaum-pardo-del-23-de-abril-de-2025-396092?idiom=es'
2026-07-28T15:32:29.913050Z [info     ] Artículo insertado en Bronze   hash=ab3e330eecd3eedf87700d5c5e1f9139c4f583cc794597db92916611bbca10c7 layer=bronze module_name=lakehouse.pipeline.ingestion url='https://www.gob.mx/presidencia/es/articulos/version-estenografica-inauguracion-de-la-feria-aeroespacial-mexico-2025-en-la-base-aerea-militar-no-1-santa-lucia?idiom=es'
2026-07-28T15:32:30.413246Z [info     ] Artículo insertado en Bronze   hash=49b5afa856da7362e8a389e05c8a89a64933da8892f35d6f575cf6ec4b9dfc6e layer=bronze module_name=lakehouse.pipeline.ingestion url='https://www.gob.mx/presidencia/es/articulos/version-estenografica-conferencia-de-prensa-de-la-presidenta-claudia-sheinbaum-pardo-del-22-de-abril-de-2025?idiom=es'
2026-07-28T15:32:30.902635Z [info     ] Artículo insertado en Bronze   hash=91c49148ac83778a957345118e5575d05bfde56049d387b889b54218763207b2 layer=bronze module_name=lakehouse.pipeline.ingestion url='https://www.gob.mx/presidencia/es/articulos/version-estenografica-111-aniversario-de-la-defensa-del-puerto-de-veracruz?idiom=es'
2026-07-28T15:32:31.413683Z [info     ] Artículo insertado en Bronze   hash=bb385302390b79acd391719d4174e4a9d609e3583024c38299b6763c9cba1f10 layer=bronze module_name=lakehouse.pipeline.ingestion url='https://www.gob.mx/presidencia/es/articulos/version-estenografica-conferencia-de-prensa-de-la-presidenta-claudia-sheinbaum-pardo-del-21-de-abril-de-2025?idiom=es'
2026-07-28T15:32:31.969848Z [info     ] Artículo insertado en Bronze   hash=49e2b0896150a96e3418c99ee05a789e16055847a213fc22620933d649d8a135 layer=bronze module_name=lakehouse.pipeline.ingestion url='https://www.gob.mx/presidencia/es/articulos/version-estenografica-conferencia-de-prensa-de-la-presidenta-claudia-sheinbaum-pardo-del-16-de-abril-de-2025?idiom=es'
2026-07-28T15:32:32.447774Z [info     ] Artículo insertado en Bronze   hash=7471114ca3a6453d9685814b2a3c2099a4f405b6336dff4d433860554f2ac4a5 layer=bronze module_name=lakehouse.pipeline.ingestion url='https://www.gob.mx/presidencia/es/articulos/version-estenografica-conferencia-de-prensa-de-la-presidenta-claudia-sheinbaum-pardo-del-15-de-abril-de-2025?idiom=es'
2026-07-28T15:32:32.959072Z [info     ] Artículo insertado en Bronze   hash=805fa3d228dcf7c9a8a4d9b4c93cc1583d394374702866f892be4cdb0b856985 layer=bronze module_name=lakehouse.pipeline.ingestion url='https://www.gob.mx/presidencia/es/articulos/version-estenografica-conferencia-de-prensa-de-la-presidenta-claudia-sheinbaum-pardo-del-14-de-abril-de-2025?idiom=es'
2026-07-28T15:32:33.470481Z [info     ] Artículo insertado en Bronze   hash=eaf8ad61629ba8fcc73975e9e8033247ce0e8c655cdfd682c19de0a203a4b46e layer=bronze module_name=lakehouse.pipeline.ingestion url='https://www.gob.mx/presidencia/es/articulos/version-estenografica-vivienda-para-el-bienestar-rincon-de-romos-aguascalientes?idiom=es'
2026-07-28T15:32:33.993044Z [info     ] Artículo insertado en Bronze   hash=0ba47ce3263d0ef2af91a76d62009f60e89848789f51f50f789c53b860a960b4 layer=bronze module_name=lakehouse.pipeline.ingestion url='https://www.gob.mx/presidencia/es/articulos/version-estenografica-vivienda-para-el-bienestar-guadalupe-zacatecas?idiom=es'
2026-07-28T15:32:34.551535Z [info     ] Artículo insertado en Bronze   hash=570e41ae3dc242ffe4c1fe25642e694eb9f1373af1745cb446a1a4184489c1ab layer=bronze module_name=lakehouse.pipeline.ingestion url='https://www.gob.mx/presidencia/es/articulos/version-estenografica-vivienda-para-el-bienestar-matamoros-tamaulipas?idiom=es'
2026-07-28T15:32:35.071259Z [info     ] Artículo insertado en Bronze   hash=904316e5de6df3ba584943f1f0f5d015aedc21825f0a48c4abc6a7b55e70f0ef layer=bronze module_name=lakehouse.pipeline.ingestion url='https://www.gob.mx/presidencia/es/articulos/version-estenografica-conferencia-de-prensa-de-la-presidenta-claudia-sheinbaum-pardo-del-11-de-abril-de-2025?idiom=es'
2026-07-28T15:32:35.527193Z [info     ] Artículo insertado en Bronze   hash=a416e45a4b76133fc9fddfd324f1e9590f9f3540d721a4caa65af4a0c04b20ab layer=bronze module_name=lakehouse.pipeline.ingestion url='https://www.gob.mx/presidencia/es/articulos/version-estenografica-106-aniversario-luctuoso-de-emiliano-zapata?idiom=es'
2026-07-28T15:32:36.083249Z [info     ] Artículo insertado en Bronze   hash=289e46114ab557361c579d74fe87ecf54ed5cbadbd92a38747276475912a02ee layer=bronze module_name=lakehouse.pipeline.ingestion url='https://www.gob.mx/presidencia/es/articulos/version-estenografica-conferencia-de-prensa-de-la-presidenta-claudia-sheinbaum-pardo-del-10-de-abril-de-2025?idiom=es'
2026-07-28T15:32:36.494337Z [info     ] Artículo insertado en Bronze   hash=306064c0c5d6dc2145d3502f55a6bc1d93841d477da45c737beba11cec2de3d0 layer=bronze module_name=lakehouse.pipeline.ingestion url='https://www.gob.mx/presidencia/es/articulos/version-estenografica-sesion-plenaria-de-la-ix-cumbre-de-jefas-y-jefes-de-estado-y-de-gobierno-de-la-celac?idiom=es'
2026-07-28T15:32:36.961261Z [info     ] Artículo insertado en Bronze   hash=638de002415bd99ecac5e65f55cb03cdcad34cbd1b500d1417d4ff3c3fafb2c4 layer=bronze module_name=lakehouse.pipeline.ingestion url='https://www.gob.mx/presidencia/es/articulos/version-estenografica-conferencia-de-prensa-de-la-presidenta-claudia-sheinbaum-pardo-del-9-de-abril-de-2025?idiom=es'
2026-07-28T15:32:37.494999Z [info     ] Artículo insertado en Bronze   hash=d6817320282599db78ec4a216854c0e5dcda68dbe83f84ba1fc7ac9263fb1d12 layer=bronze module_name=lakehouse.pipeline.ingestion url='https://www.gob.mx/presidencia/es/articulos/version-estenografica-conferencia-de-prensa-de-la-presidenta-claudia-sheinbaum-pardo-del-8-de-abril-de-2025?idiom=es'
2026-07-28T15:32:38.295396Z [info     ] Artículo insertado en Bronze   hash=e982ea870e0860e3c3402216d8f179758c8d1bb38a38c22e93e23bbf5c0c6357 layer=bronze module_name=lakehouse.pipeline.ingestion url='https://www.gob.mx/presidencia/es/articulos/version-estenografica-conferencia-de-prensa-de-la-presidenta-claudia-sheinbaum-pardo-del-7-de-abril-de-2025?idiom=es'
2026-07-28T15:32:38.728981Z [info     ] Artículo insertado en Bronze   hash=7e5407098497f16ea7c7009376abe28a822f507f4779011f9f9f94316e1d52e1 layer=bronze module_name=lakehouse.pipeline.ingestion url='https://www.gob.mx/presidencia/es/articulos/version-estenografica-clase-nacional-de-boxeo?idiom=es'
2026-07-28T15:32:39.318128Z [info     ] Artículo insertado en Bronze   hash=13f645d4d5bf48dad78fe58e4a664ef7bfabc073bea81d852ed62d539c64f7b0 layer=bronze module_name=lakehouse.pipeline.ingestion url='https://www.gob.mx/presidencia/es/articulos/version-estenografica-autosuficiencia-y-soberania-alimentaria?idiom=es'
2026-07-28T15:32:39.762729Z [info     ] Artículo insertado en Bronze   hash=52fb9a1e96d8c2736bef4a44bedaaf0374d9c3636963f6055069fdeabb95829f layer=bronze module_name=lakehouse.pipeline.ingestion url='https://www.gob.mx/presidencia/es/articulos/version-estenografica-plan-de-justicia-para-el-pueblo-p-urhepecha?idiom=es'
2026-07-28T15:32:40.274114Z [info     ] Artículo insertado en Bronze   hash=e28d3aeeebb573e0bb2f5d622b99427e2c4b49bdd5df49715dde0436a6d1bbe3 layer=bronze module_name=lakehouse.pipeline.ingestion url='https://www.gob.mx/presidencia/es/articulos/version-estenografica-conferencia-de-prensa-de-la-presidenta-claudia-sheinbaum-pardo-del-4-de-abril-de-2025?idiom=es'
2026-07-28T15:32:40.707801Z [info     ] Artículo insertado en Bronze   hash=858039818492f18446bbb727534aa0c0cb32c3b277b382f3d89aa0ca21a6f09c layer=bronze module_name=lakehouse.pipeline.ingestion url='https://www.gob.mx/presidencia/es/articulos/version-estenografica-plan-mexico-fortaleciendo-la-economia-y-el-bienestar-en-museo-nacional-de-antropologia?idiom=es'
2026-07-28T15:32:41.185912Z [info     ] Artículo insertado en Bronze   hash=14690f2b01e6cd6fa47044c2815e7d46f0d7a8b8d3850d860a2c0dc117c7c165 layer=bronze module_name=lakehouse.pipeline.ingestion url='https://www.gob.mx/presidencia/es/articulos/version-estenografica-conferencia-de-prensa-de-la-presidenta-claudia-sheinbaum-pardo-del-3-de-abril-de-2025?idiom=es'
2026-07-28T15:32:41.708289Z [info     ] Artículo insertado en Bronze   hash=743a3a6640ede5feb69d17ff965ba440c055c8e1d0d064e48201a8294250f9a9 layer=bronze module_name=lakehouse.pipeline.ingestion url='https://www.gob.mx/presidencia/es/articulos/version-estenografica-conferencia-de-prensa-de-la-presidenta-claudia-sheinbaum-pardo-del-2-de-abril-de-2025?idiom=es'
2026-07-28T15:32:42.219842Z [info     ] Artículo insertado en Bronze   hash=40bb7fe430744f0b8503062e8ea38f656ce85feb90307f1fcf2f7c272a562946 layer=bronze module_name=lakehouse.pipeline.ingestion url='https://www.gob.mx/presidencia/es/articulos/version-estenografica-conferencia-de-prensa-de-la-presidenta-claudia-sheinbaum-pardo-del-1-de-abril-de-2025?idiom=es'
2026-07-28T15:32:42.731068Z [info     ] Artículo insertado en Bronze   hash=7868b4f9ecd3a081fcf2233f26a525e8146a1186f65e36d9801ed2d516c4a2ba layer=bronze module_name=lakehouse.pipeline.ingestion url='https://www.gob.mx/presidencia/es/articulos/version-estenografica-conferencia-de-prensa-de-la-presidenta-claudia-sheinbaum-pardo-del-31-de-marzo-de-2025?idiom=es'
2026-07-28T15:32:43.220235Z [info     ] Artículo insertado en Bronze   hash=811fe1e8fa6d84f94c6d95cd19bcb98f20bc01dcd76aba41ff61ee527ececf5e layer=bronze module_name=lakehouse.pipeline.ingestion url='https://www.gob.mx/presidencia/es/articulos/version-estenografica-construccion-y-conservacion-de-la-carretera-bavispe-nuevo-casas-grandes?idiom=es'
2026-07-28T15:32:43.876345Z [info     ] Artículo insertado en Bronze   hash=3fe699b5975f200eb878c1d7af81bf0a6bacbc4a6632ff3cb43c030df16e7f22 layer=bronze module_name=lakehouse.pipeline.ingestion url='https://www.gob.mx/presidencia/es/articulos/version-estenografica-arranque-de-obra-construccion-del-hospital-de-san-luis-rio-colorado?idiom=es'
2026-07-28T15:32:44.343139Z [info     ] Artículo insertado en Bronze   hash=976a729edb31daa9619864ce2ea9a4d0871aca6d5a75197f83a0fb49f21179ab layer=bronze module_name=lakehouse.pipeline.ingestion url='https://www.gob.mx/presidencia/es/articulos/version-estenografica-banderazo-del-programa-sol-del-norte-de-paneles-fotovoltaicos?idiom=es'
2026-07-28T15:32:44.800140Z [info     ] Artículo insertado en Bronze   hash=3cc672d82e6f0ae214c6798957ca8a13f82844e8ed8d1e6d80b8fa9a8974e579 layer=bronze module_name=lakehouse.pipeline.ingestion url='https://www.gob.mx/presidencia/es/articulos/version-estenografica-arranque-de-obra-programa-de-vivienda-para-el-bienestar-en-playas-de-rosarito-baja-california?idiom=es'
2026-07-28T15:32:45.278212Z [info     ] Artículo insertado en Bronze   hash=9d08df427d99cf70c8d1dba3886fa975b3a0392f6cf82f9c9aa1d11d534452a4 layer=bronze module_name=lakehouse.pipeline.ingestion url='https://www.gob.mx/presidencia/es/articulos/version-estenografica-conferencia-de-prensa-de-la-presidenta-claudia-sheinbaum-pardo-del-28-de-marzo-de-2025?idiom=es'
2026-07-28T15:32:45.778553Z [info     ] Artículo insertado en Bronze   hash=bb04c441575e61cc65d6373855016c3ebd5ecc520fcd4243b5d93ff7b3bca80d layer=bronze module_name=lakehouse.pipeline.ingestion url='https://www.gob.mx/presidencia/es/articulos/version-estenografica-conferencia-de-prensa-de-la-presidenta-claudia-sheinbaum-pardo-del-27-de-marzo-de-2025?idiom=es'
2026-07-28T15:32:46.289800Z [info     ] Artículo insertado en Bronze   hash=06e5a0ec8e6e59631b7453add830a47e56d9b9f006b0876e68dd379c2c5b02b1 layer=bronze module_name=lakehouse.pipeline.ingestion url='https://www.gob.mx/presidencia/es/articulos/version-estenografica-conferencia-de-prensa-de-la-presidenta-claudia-sheinbaum-pardo-del-26-de-marzo-de-2025?idiom=es'
2026-07-28T15:32:46.790116Z [info     ] Artículo insertado en Bronze   hash=105983fb5f101590188539174649fa02db9ea3710b9ad2ddf9e2a2c521836559 layer=bronze module_name=lakehouse.pipeline.ingestion url='https://www.gob.mx/presidencia/es/articulos/version-estenografica-conferencia-de-prensa-de-la-presidenta-claudia-sheinbaum-pardo-del-25-de-marzo-de-2025?idiom=es'
2026-07-28T15:32:47.279278Z [info     ] Artículo insertado en Bronze   hash=f1abbeac59c6ea62c8de3bde141e8904d422118d1d01ea9ad676fb8dcc2be1e3 layer=bronze module_name=lakehouse.pipeline.ingestion url='https://www.gob.mx/presidencia/es/articulos/version-estenografica-conferencia-de-prensa-de-la-presidenta-claudia-sheinbaum-pardo-del-24-de-marzo-de-2025?idiom=es'
2026-07-28T15:32:47.957440Z [info     ] Artículo insertado en Bronze   hash=d74eeac0b703ddefbf89dc2533c9277e0c5ebc4a31928d72dcac580bff1a9319 layer=bronze module_name=lakehouse.pipeline.ingestion url='https://www.gob.mx/presidencia/es/articulos/version-estenografica-inauguracion-de-la-carretera-real-del-monte-huasca?idiom=es'
2026-07-28T15:32:48.591164Z [info     ] Artículo insertado en Bronze   hash=bcabc1880dea82c488cc5c19d511c3e8d9f60af569c65d54f6fe940b710ba487 layer=bronze module_name=lakehouse.pipeline.ingestion url='https://www.gob.mx/presidencia/es/articulos/version-estenografica-arranque-de-obras-del-programa-vivienda-para-el-bienestar-393573?idiom=es'
2026-07-28T15:32:49.069093Z [info     ] Artículo insertado en Bronze   hash=148cbc1998d59359d1134c99d99977727607501bd609d261b69f460cbd496d98 layer=bronze module_name=lakehouse.pipeline.ingestion url='https://www.gob.mx/presidencia/es/articulos/version-estenografica-arranque-de-obras-del-tren-mexico-pachuca?idiom=es'
2026-07-28T15:32:49.480510Z [info     ] Artículo insertado en Bronze   hash=2deb0890d9a0b716407f4edc522a6ec56ad5d8f0ee29ab570250a9960b700c72 layer=bronze module_name=lakehouse.pipeline.ingestion url='https://www.gob.mx/presidencia/es/articulos/version-estenografica-jornada-de-limpieza-del-rio-atoyac?idiom=es'
2026-07-28T15:32:50.047433Z [info     ] Artículo insertado en Bronze   hash=85e18ae4c6c291360944b1d9e708ab90e81521cd7b0cbb6cc46dfb10c0e5aa12 layer=bronze module_name=lakehouse.pipeline.ingestion url='https://www.gob.mx/presidencia/es/articulos/version-estenografica-dia-mundial-del-agua-inauguracion-de-la-planta-de-tratamiento-de-aguas-residuales-de-tlaxcala?idiom=es'
2026-07-28T15:32:50.592352Z [info     ] Artículo insertado en Bronze   hash=6ef9c9a9d834d297722351a5696abcd00fee68e974b1b9dbecb71c34d8088f95 layer=bronze module_name=lakehouse.pipeline.ingestion url='https://www.gob.mx/presidencia/es/articulos/version-estenografica-hospital-general-de-la-mujer-y-la-ninez?idiom=es'
2026-07-28T15:32:51.114778Z [info     ] Artículo insertado en Bronze   hash=d0a0474c70b14425f64855eca5cd1a197e9e52b617440b7f3c7b5857fae67266 layer=bronze module_name=lakehouse.pipeline.ingestion url='https://www.gob.mx/presidencia/es/articulos/version-estenografica-219-aniversario-del-natalicio-de-benito-juarez?idiom=es'
2026-07-28T15:32:51.670560Z [info     ] Artículo insertado en Bronze   hash=616471c8843a19fd334056cbf53102379f6ba8dc686df9247e2e662820587011 layer=bronze module_name=lakehouse.pipeline.ingestion url='https://www.gob.mx/presidencia/es/articulos/version-estenografica-conferencia-de-prensa-de-la-presidenta-claudia-sheinbaum-pardo-del-21-de-marzo-de-2025?idiom=es'
2026-07-28T15:32:52.093042Z [info     ] Artículo insertado en Bronze   hash=a455a8033856619b4ff3c61dac633e818cebcc9f0c1f636cd0dac3fcbf6d5410 layer=bronze module_name=lakehouse.pipeline.ingestion url='https://www.gob.mx/presidencia/es/articulos/version-estenografica-81-asamblea-anual-a-camara-de-la-industria-de-transformacion-nuevo-leon-caintra?idiom=es'
2026-07-28T15:32:52.571119Z [info     ] Artículo insertado en Bronze   hash=2f1644eccf1004f1fd2b017b18cfe43fefb83726f5bc4c6ed017ea301e90ef28 layer=bronze module_name=lakehouse.pipeline.ingestion url='https://www.gob.mx/presidencia/es/articulos/version-estenografica-conferencia-de-prensa-de-la-presidenta-claudia-sheinbaum-pardo-del-20-de-marzo-de-2025?idiom=es'
2026-07-28T15:32:53.082350Z [info     ] Artículo insertado en Bronze   hash=28484ff05563f001d430dc0f25b9f3e37f0ed0f58886a81028c9e8890392bf62 layer=bronze module_name=lakehouse.pipeline.ingestion url='https://www.gob.mx/presidencia/es/articulos/version-estenografica-conferencia-de-prensa-de-la-presidenta-claudia-sheinbaum-pardo-del-19-de-marzo-de-2025?idiom=es'
2026-07-28T15:32:53.538285Z [info     ] Artículo insertado en Bronze   hash=e2169c0d808ee4925b8c058b85cf5ed51f4b6f78e0da1532847d6fac1b324714 layer=bronze module_name=lakehouse.pipeline.ingestion url='https://www.gob.mx/presidencia/es/articulos/version-estenografica-87-aniversario-de-la-expropiacion-petrolera?idiom=es'
2026-07-28T15:32:54.149604Z [info     ] Artículo insertado en Bronze   hash=5702162116d9fa70ba456f6111010d05d23bb7fc40792f87ffe6f73ade0c8234 layer=bronze module_name=lakehouse.pipeline.ingestion url='https://www.gob.mx/presidencia/es/articulos/version-estenografica-conferencia-de-prensa-de-la-presidenta-claudia-sheinbaum-pardo-del-18-de-marzo-de-2025?idiom=es'
2026-07-28T15:32:54.783375Z [info     ] Artículo insertado en Bronze   hash=b16ec2c33e2f13a21b88cc3afaac4067c42aaca68ce087168e256d0976359a7d layer=bronze module_name=lakehouse.pipeline.ingestion url='https://www.gob.mx/presidencia/es/articulos/version-estenografica-conferencia-de-prensa-de-la-presidenta-claudia-sheinbaum-pardo-del-17-de-marzo-de-2025?idiom=es'
2026-07-28T15:32:55.217070Z [info     ] Artículo insertado en Bronze   hash=1556952738549c0621da318b91275d1eaca840e4ee3a2d296c4485245a1727a4 layer=bronze module_name=lakehouse.pipeline.ingestion url='https://www.gob.mx/presidencia/es/articulos/version-estenografica-inauguracion-de-la-planta-potabilizadora-el-carrizal-ii?idiom=es'
2026-07-28T15:32:55.662887Z [info     ] Artículo insertado en Bronze   hash=195b686895f23900aa7d65da7a8cb6e33487946f90a5383082cd0138fd35483d layer=bronze module_name=lakehouse.pipeline.ingestion url='https://www.gob.mx/presidencia/es/articulos/version-estenografica-arranque-de-obra-de-la-carretera-macuspana-escarcega?idiom=es'
2026-07-28T15:32:56.162001Z [info     ] Artículo insertado en Bronze   hash=2be3b60c914c9a0069787e601d73d7a86a7d750ea22302e2f2cad68b810776dd layer=bronze module_name=lakehouse.pipeline.ingestion url='https://www.gob.mx/presidencia/es/articulos/version-estenografica-programa-de-vivienda-para-el-bienestar?idiom=es'
2026-07-28T15:32:56.617810Z [info     ] Artículo insertado en Bronze   hash=c2823c821f50ae797393f4d6d9a9af54603f1fce95e3dbd435d3f634b03f764b layer=bronze module_name=lakehouse.pipeline.ingestion url='https://www.gob.mx/presidencia/es/articulos/version-estenografica-pension-mujeres-bienestar-393092?idiom=es'
2026-07-28T15:32:57.084728Z [info     ] Artículo insertado en Bronze   hash=eb3af050b268f1b8770cf36cfb5eadf6d94bfdee8ae7ccd399b83dff5926ecbc layer=bronze module_name=lakehouse.pipeline.ingestion url='https://www.gob.mx/presidencia/es/articulos/version-estenografica-inauguracion-de-la-universidad-nacional-rosario-castellanos-393067?idiom=es'
2026-07-28T15:32:57.584970Z [info     ] Artículo insertado en Bronze   hash=28487ab45d9600dd6065492b8aaaa5c172386d2ccf4ac50ddf383bcc24430c70 layer=bronze module_name=lakehouse.pipeline.ingestion url='https://www.gob.mx/presidencia/es/articulos/version-estenografica-conferencia-mundial-de-mujeres-parlamentarias?idiom=es'
2026-07-28T15:32:58.174198Z [info     ] Artículo insertado en Bronze   hash=b12ae6a054a18be3e35befeb0f80858c552dad690ea6e65495c073331971c534 layer=bronze module_name=lakehouse.pipeline.ingestion url='https://www.gob.mx/presidencia/es/articulos/version-estenografica-conferencia-de-prensa-de-la-presidenta-claudia-sheinbaum-pardo-del-14-de-marzo-de-2025?idiom=es'
2026-07-28T15:32:58.674441Z [info     ] Artículo insertado en Bronze   hash=84092c72c977bb17b12bef9e7ba1b463ea26151e7088fe42fd696c10d1d630be layer=bronze module_name=lakehouse.pipeline.ingestion url='https://www.gob.mx/presidencia/es/articulos/version-estenografica-conferencia-de-prensa-de-la-presidenta-claudia-sheinbaum-pardo-del-13-de-marzo-de-2025?idiom=es'
2026-07-28T15:32:59.152368Z [info     ] Artículo insertado en Bronze   hash=0e6435b4736677b95c2907036cf092fe2b31d05d8624a76416a3b56964a13b5a layer=bronze module_name=lakehouse.pipeline.ingestion url='https://www.gob.mx/presidencia/es/articulos/version-estenografica-conferencia-de-prensa-de-la-presidenta-claudia-sheinbaum-pardo-del-12-de-marzo-de-2025?idiom=es'
2026-07-28T15:32:59.630868Z [info     ] Artículo insertado en Bronze   hash=3a3669b40c0b6ab9e6a18593751c2d415cd970e39af6afbf74459c4c4eb561c8 layer=bronze module_name=lakehouse.pipeline.ingestion url='https://www.gob.mx/presidencia/es/articulos/version-estenografica-conferencia-de-prensa-de-la-presidenta-claudia-sheinbaum-pardo-del-11-de-marzo-de-2025?idiom=es'
2026-07-28T15:33:00.119872Z [info     ] Artículo insertado en Bronze   hash=64c6793d17d3292857cfa842eacaeb235f1538fb16084b9837d895f01e95c5c9 layer=bronze module_name=lakehouse.pipeline.ingestion url='https://www.gob.mx/presidencia/es/articulos/version-estenografica-conferencia-de-prensa-de-la-presidenta-claudia-sheinbaum-pardo-del-10-de-marzo-de-2025?idiom=es'
2026-07-28T15:33:00.531162Z [info     ] Artículo insertado en Bronze   hash=c0fe28488f9e083cf30834ce454bd2b8d187dc159d87d03f755ba1c19b8d6d78 layer=bronze module_name=lakehouse.pipeline.ingestion url='https://www.gob.mx/presidencia/es/articulos/version-estenografica-asamblea-informativa-en-el-zocalo-de-la-ciudad-de-mexico?idiom=es'
2026-07-28T15:33:00.998196Z [info     ] Artículo insertado en Bronze   hash=1bee3b12463cd493526af71ca43f7141c688601ec4e0c4c425381f813b5b74f0 layer=bronze module_name=lakehouse.pipeline.ingestion url='https://www.gob.mx/presidencia/es/articulos/version-estenografica-8-de-marzo-dia-internacional-de-las-mujeres-mujeres-indigenas-y-trabajadoras-fuerza-lucha-y-dignidad?idiom=es'
2026-07-28T15:33:01.487440Z [info     ] Artículo insertado en Bronze   hash=639011fe751aaa019bee93738c6e7b3cfcd49690f344cd9432f4b608e347f6f7 layer=bronze module_name=lakehouse.pipeline.ingestion url='https://www.gob.mx/presidencia/es/articulos/version-estenografica-conferencia-de-prensa-de-la-presidenta-claudia-sheinbaum-pardo-del-7-de-marzo-de-2025?idiom=es'
2026-07-28T15:33:01.998758Z [info     ] Artículo insertado en Bronze   hash=0128743479a046d8eff359fb5bd4f80059327d7f45bc8da82dfbce297fcc4413 layer=bronze module_name=lakehouse.pipeline.ingestion url='https://www.gob.mx/presidencia/es/articulos/version-estenografica-conferencia-de-prensa-de-la-presidenta-claudia-sheinbaum-pardo-del-6-de-marzo-de-2025?idiom=es'
2026-07-28T15:33:02.510107Z [info     ] Artículo insertado en Bronze   hash=39e51a12f70de450ff961c1adbe08c0566408b503de20102e3e1e49d80a2b3e6 layer=bronze module_name=lakehouse.pipeline.ingestion url='https://www.gob.mx/presidencia/es/articulos/version-estenografica-conferencia-de-prensa-de-la-presidenta-claudia-sheinbaum-pardo-del-5-de-marzo-de-2025?idiom=es'
2026-07-28T15:33:03.076979Z [info     ] Artículo insertado en Bronze   hash=4346515a93b76a9fe0f259d69f9a4cfab6a359f9cac352423670b5b5c75bc8bc layer=bronze module_name=lakehouse.pipeline.ingestion url='https://www.gob.mx/presidencia/es/articulos/version-estenografica-conferencia-de-prensa-de-la-presidenta-claudia-sheinbaum-pardo-del-4-de-marzo-de-2025?idiom=es'
2026-07-28T15:33:03.588361Z [info     ] Artículo insertado en Bronze   hash=9436fb44bb0c560f8f31ebc31c7d88de04a2a5b2a7756c6daed9cfc9a850c601 layer=bronze module_name=lakehouse.pipeline.ingestion url='https://www.gob.mx/presidencia/es/articulos/version-estenografica-conferencia-de-prensa-de-la-presidenta-claudia-sheinbaum-pardo-del-3-de-marzo-de-2025?idiom=es'
2026-07-28T15:33:04.055334Z [info     ] Artículo insertado en Bronze   hash=cb0fc7ea80713f94de3f258937ac2949fce817ec468e7e3d8e5c80ce98186a84 layer=bronze module_name=lakehouse.pipeline.ingestion url='https://www.gob.mx/presidencia/es/articulos/version-estenografica-programas-para-el-bienestar-391788?idiom=es'
2026-07-28T15:33:04.533324Z [info     ] Artículo insertado en Bronze   hash=46f3425a51ac32d24cb532b234bffc8a5d6780e30ad470cd609559e1a575663f layer=bronze module_name=lakehouse.pipeline.ingestion url='https://www.gob.mx/presidencia/es/articulos/version-estenografica-arranque-de-obras-del-programa-vivienda-para-el-bienestar?idiom=es'
2026-07-28T15:33:05.078199Z [info     ] Artículo insertado en Bronze   hash=c898ee9df1eab92e4fac48a233c12cfe4d737d1d9126ca2daa94f77b4d91722a layer=bronze module_name=lakehouse.pipeline.ingestion url='https://www.gob.mx/presidencia/es/articulos/version-estenografica-programas-para-el-bienestar-391785?idiom=es'
2026-07-28T15:33:05.522923Z [info     ] Artículo insertado en Bronze   hash=398df6fa8a940a93dfa04581e6106b7798dbeaa9fd5b3d327e0219a232b9bc8b layer=bronze module_name=lakehouse.pipeline.ingestion url='https://www.gob.mx/presidencia/es/articulos/version-estenografica-inauguracion-de-la-central-ciclo-combinado-salamanca-de-la-comision-federal-de-electricidad?idiom=es'
2026-07-28T15:33:06.034247Z [info     ] Artículo insertado en Bronze   hash=2b44203ce12ca1edd860492e74ed8995f2449afd5f43e2bbee04a4ff52dd04c3 layer=bronze module_name=lakehouse.pipeline.ingestion url='https://www.gob.mx/presidencia/es/articulos/version-estenografica-funerales-de-estado-500-anos-de-la-ejecucion-de-cuauhtemoc?idiom=es'
2026-07-28T15:33:06.523456Z [info     ] Artículo insertado en Bronze   hash=831c9de9106d65cc6430a1ec21f1250886522e5af19a876c93dd236a5c61fe49 layer=bronze module_name=lakehouse.pipeline.ingestion url='https://www.gob.mx/presidencia/es/articulos/version-estenografica-conferencia-de-prensa-de-la-presidenta-claudia-sheinbaum-pardo-del-28-de-febrero-de-2025?idiom=es'
2026-07-28T15:33:08.057060Z [info     ] Artículo insertado en Bronze   hash=3a10f84dfff7fdb116a7537a690e1ec980eb4543ab3b582538cbc899f4bdf3a1 layer=bronze module_name=lakehouse.pipeline.ingestion url='https://www.gob.mx/presidencia/es/articulos/version-estenografica-conferencia-de-prensa-de-la-presidenta-claudia-sheinbaum-pardo-del-27-de-febrero-de-2025?idiom=es'
2026-07-28T15:33:08.757474Z [info     ] Artículo insertado en Bronze   hash=b58968397cb44cbfaa8d0793673e826df858b31e46ca9d03073fef9c4e1d066e layer=bronze module_name=lakehouse.pipeline.ingestion url='https://www.gob.mx/presidencia/es/articulos/version-estenografica-112-aniversario-luctuoso-de-francisco-i-madero-palacio-nacional?idiom=es'
2026-07-28T15:33:09.236694Z [info     ] Artículo insertado en Bronze   hash=a3816a9034232e01c0e01d1936bb81b3ac4782879f3e9b1009b6141c92560399 layer=bronze module_name=lakehouse.pipeline.ingestion url='https://www.gob.mx/presidencia/es/articulos/version-estenografica-conferencia-de-prensa-de-la-presidenta-claudia-sheinbaum-pardo-del-26-de-febrero-de-2025?idiom=es'
2026-07-28T15:33:09.703583Z [info     ] Artículo insertado en Bronze   hash=49c895384932f08acf7d56a8402d85fe8da950eb683eaf219df12227a772be89 layer=bronze module_name=lakehouse.pipeline.ingestion url='https://www.gob.mx/presidencia/es/articulos/version-estenografica-vive-saludable-vive-feliz?idiom=es'
2026-07-28T15:33:10.296317Z [info     ] Artículo insertado en Bronze   hash=e1b50ac8cb7c9d8ea20acf9595fb1b4e7c9c78942ea92e39a4ce158e885816e6 layer=bronze module_name=lakehouse.pipeline.ingestion url='https://www.gob.mx/presidencia/es/articulos/version-estenografica-conferencia-de-prensa-de-la-presidenta-claudia-sheinbaum-pardo-del-25-de-febrero-de-2025?idiom=es'
2026-07-28T15:33:10.804140Z [info     ] Artículo insertado en Bronze   hash=0c758a11bc75fa2ed234d5313698923ed0ef96fd0b267fcc775521408c35e374 layer=bronze module_name=lakehouse.pipeline.ingestion url='https://www.gob.mx/presidencia/es/articulos/version-estenografica-ceremonia-conmemorativa-del-dia-de-la-bandera?idiom=es'
2026-07-28T15:33:11.304584Z [info     ] Artículo insertado en Bronze   hash=13d4f8383d782b21d1c3279843ef7df33b443a15418006970292a79ba366b3c3 layer=bronze module_name=lakehouse.pipeline.ingestion url='https://www.gob.mx/presidencia/es/articulos/version-estenografica-conferencia-de-prensa-de-la-presidenta-claudia-sheinbaum-pardo-del-24-de-febrero-de-2025?idiom=es'
2026-07-28T15:33:12.704685Z [info     ] Artículo insertado en Bronze   hash=106211814827eb556bd7ffe5495f12c4b9b16cff100416ef6124d84b2736fcf1 layer=bronze module_name=lakehouse.pipeline.ingestion url='https://www.gob.mx/presidencia/es/articulos/version-estenografica-programas-para-el-bienestar-391083?idiom=es'
2026-07-28T15:33:13.193919Z [info     ] Artículo insertado en Bronze   hash=160c92d37998e42ead21456891f0e08d5b7bb8d77b84d907573e85a88e4302b8 layer=bronze module_name=lakehouse.pipeline.ingestion url='https://www.gob.mx/presidencia/es/articulos/version-estenografica-pension-mujeres-bienestar-391072?idiom=es'
2026-07-28T15:33:13.805393Z [info     ] Artículo insertado en Bronze   hash=b896e5e6ae7451d381155682ac01d5f1261d905c31e5981b79858d04504aafa6 layer=bronze module_name=lakehouse.pipeline.ingestion url='https://www.gob.mx/presidencia/es/articulos/version-estenografica-plan-de-justicia-para-pueblos-o-dam-au-dam-wixarika-y-mexikan-de-durango?idiom=es'
2026-07-28T15:33:14.405609Z [info     ] Artículo insertado en Bronze   hash=538802729be1a384b60dcb9d700b68b3fae34e75ddce144683630159dec2ad61 layer=bronze module_name=lakehouse.pipeline.ingestion url='https://www.gob.mx/presidencia/es/articulos/version-estenografica-conferencia-de-prensa-de-la-presidenta-claudia-sheinbaum-pardo-del-21-de-febrero-de-2025?idiom=es'
2026-07-28T15:33:14.883621Z [info     ] Artículo insertado en Bronze   hash=e4b0f20947201926f56bf44f45265705195b55ac4bbb9ba2ed754ba4571b1b15 layer=bronze module_name=lakehouse.pipeline.ingestion url='https://www.gob.mx/presidencia/es/articulos/version-estenografica-conferencia-de-prensa-de-la-presidenta-claudia-sheinbaum-pardo-del-20-de-febrero-de-2025?idiom=es'
2026-07-28T15:33:15.372657Z [info     ] Artículo insertado en Bronze   hash=7e7354eb7035c4977681938af506b4bfc4356d0b2bd9a006a7f1bb03b92e72d9 layer=bronze module_name=lakehouse.pipeline.ingestion url='https://www.gob.mx/presidencia/es/articulos/version-estenografica-112-aniversario-del-dia-del-ejercito-mexicano?idiom=es'
2026-07-28T15:33:15.884427Z [info     ] Artículo insertado en Bronze   hash=6dca17a68b813bc7a6739651850a9d2613451dea4552cfc5f66e40392d51ea7b layer=bronze module_name=lakehouse.pipeline.ingestion url='https://www.gob.mx/presidencia/es/articulos/version-estenografica-conferencia-de-prensa-de-la-presidenta-claudia-sheinbaum-pardo-del-19-de-febrero-de-2025?idiom=es'
2026-07-28T15:33:16.473424Z [info     ] Artículo insertado en Bronze   hash=12587be98ad8e907e977998d7c4236db48a9f25ea3fb89518aa90272aa36b105 layer=bronze module_name=lakehouse.pipeline.ingestion url='https://www.gob.mx/presidencia/es/articulos/version-estenografica-conferencia-de-prensa-de-la-presidenta-claudia-sheinbaum-pardo-del-18-de-febrero-de-2025?idiom=es'
2026-07-28T15:33:17.096006Z [info     ] Artículo insertado en Bronze   hash=ee29d9de44a26d430634a36322b9191221da54df22c0f7b26ff9038b580aafec layer=bronze module_name=lakehouse.pipeline.ingestion url='https://www.gob.mx/presidencia/es/articulos/version-estenografica-conferencia-de-prensa-de-la-presidenta-claudia-sheinbaum-pardo-del-17-de-febrero-de-2025?idiom=es'
2026-07-28T15:33:17.551750Z [info     ] Artículo insertado en Bronze   hash=43ee5d1c7b081ac8fcda8bfac81ee99d53c4cda8625b54360b81438de57d3fa0 layer=bronze module_name=lakehouse.pipeline.ingestion url='https://www.gob.mx/presidencia/es/articulos/version-estenografica-programas-para-el-bienestar-390522?idiom=es'
2026-07-28T15:33:17.985355Z [info     ] Artículo insertado en Bronze   hash=28ce67cff4d4d57ceebbe3fb16f818be5de45929f3a2efdb319b41bf9a7e1335 layer=bronze module_name=lakehouse.pipeline.ingestion url='https://www.gob.mx/presidencia/es/articulos/version-estenografica-pension-adultos-mayores?idiom=es'
2026-07-28T15:33:18.608010Z [info     ] Artículo insertado en Bronze   hash=4524988c340b847595274d92dd25599e42c6dc1eaac3585dcb1f5eed03697f2f layer=bronze module_name=lakehouse.pipeline.ingestion url='https://www.gob.mx/presidencia/es/articulos/version-estenografica-pension-mujeres-bienestar-390508?idiom=es'
2026-07-28T15:33:19.108077Z [info     ] Artículo insertado en Bronze   hash=07bf9b107e8f6561d5cefa7a7464702c63a994cc68affe23acd47a106515fd4c layer=bronze module_name=lakehouse.pipeline.ingestion url='https://www.gob.mx/presidencia/es/articulos/version-estenografica-conferencia-de-prensa-de-la-presidenta-claudia-sheinbaum-pardo-del-14-de-febrero-de-2025?idiom=es'
2026-07-28T15:33:19.630624Z [info     ] Artículo insertado en Bronze   hash=fab2f4aec01a3bc31b8c089b1bb7af584a9d338d4bc82b75e728d8e7d5e34682 layer=bronze module_name=lakehouse.pipeline.ingestion url='https://www.gob.mx/presidencia/es/articulos/version-estenografica-conferencia-de-prensa-de-la-presidenta-claudia-sheinbaum-pardo-del-13-de-febrero-de-2025?idiom=es'
2026-07-28T15:33:20.119786Z [info     ] Artículo insertado en Bronze   hash=5f39f86a8ef54c7b316e4fb10dca3e87fc32ff5aab8090a89fb834fb7cfd674a layer=bronze module_name=lakehouse.pipeline.ingestion url='https://www.gob.mx/presidencia/es/articulos/version-estenografica-conferencia-de-prensa-de-la-presidenta-claudia-sheinbaum-pardo-del-12-de-febrero-de-2025?idiom=es'
2026-07-28T15:33:20.653611Z [info     ] Artículo insertado en Bronze   hash=c1a71ab2d3038a5cbe20f12fb45b195ac1aea8e8284d7f884ccfd9925fd76b9c layer=bronze module_name=lakehouse.pipeline.ingestion url='https://www.gob.mx/presidencia/es/articulos/version-estenografica-conferencia-de-prensa-de-la-presidenta-claudia-sheinbaum-pardo-del-11-de-febrero-de-2025?idiom=es'
2026-07-28T15:33:21.109400Z [info     ] Artículo insertado en Bronze   hash=7bfc29783ff549f8dc4b2056a5a0d76ac1ad4b56f4b4179634d6cb9695bb0065 layer=bronze module_name=lakehouse.pipeline.ingestion url='https://www.gob.mx/presidencia/es/articulos/version-estenografica-110-aniversario-de-la-fuerza-aerea-mexicana-inauguracion-de-la-base-aerea-militar-numero-20?idiom=es'
2026-07-28T15:33:21.598504Z [info     ] Artículo insertado en Bronze   hash=44be86bd7c497ea163b41f5ffc619eb81e34c31e0cb15803fdb794c199175878 layer=bronze module_name=lakehouse.pipeline.ingestion url='https://www.gob.mx/presidencia/es/articulos/version-estenografica-conferencia-de-prensa-de-la-presidenta-claudia-sheinbaum-pardo-del-10-de-febrero-de-2025?idiom=es'
2026-07-28T15:33:22.009935Z [info     ] Artículo insertado en Bronze   hash=2fd4e688eeb8ccebf9884cb3dcf004ed8d4c60943429346dd7e7f4d80c235fec layer=bronze module_name=lakehouse.pipeline.ingestion url='https://www.gob.mx/presidencia/es/articulos/version-estenografica-ceremonia-conmemorativa-al-112-aniversario-de-la-marcha-de-la-lealtad-en-el-castillo-de-chapultepec?idiom=es'
2026-07-28T15:33:22.510166Z [info     ] Artículo insertado en Bronze   hash=f78618de1fd1e545aa741658c61431f21f485591b80f48c7e50470af0afc149a layer=bronze module_name=lakehouse.pipeline.ingestion url='https://www.gob.mx/presidencia/es/articulos/version-estenografica-fertilizantes-para-el-bienestar?idiom=es'
2026-07-28T15:33:22.999189Z [info     ] Artículo insertado en Bronze   hash=06f5ab405b7c8ed574c277fc604c1581af3334b6107586f4443c5cb333c32dbe layer=bronze module_name=lakehouse.pipeline.ingestion url='https://www.gob.mx/presidencia/es/articulos/version-estenografica-programa-nacional-de-fertilizantes?idiom=es'
2026-07-28T15:33:23.621769Z [info     ] Artículo insertado en Bronze   hash=4db72499d244aeffe109c7365e65804205042fd601319205551dd3e3ac45d8cb layer=bronze module_name=lakehouse.pipeline.ingestion url='https://www.gob.mx/presidencia/es/articulos/version-estenografica-inauguracion-clinica-de-medicina-familiar-de-especialidades-issste?idiom=es'
2026-07-28T15:33:24.188861Z [info     ] Artículo insertado en Bronze   hash=f1635ff3145b8351a61e06ae6583bc6c880fc1e7fa8f5ed78fa23cc34997ba73 layer=bronze module_name=lakehouse.pipeline.ingestion url='https://www.gob.mx/presidencia/es/articulos/version-estenografica-conferencia-de-prensa-de-la-presidenta-claudia-sheinbaum-pardo-del-7-de-febrero-de-2025?idiom=es'
2026-07-28T15:33:24.744677Z [info     ] Artículo insertado en Bronze   hash=b3477e9d941a640f802500951d52582bc7e9acef44a9c55d3fddb26ff37abe20 layer=bronze module_name=lakehouse.pipeline.ingestion url='https://www.gob.mx/presidencia/es/articulos/version-estenografica-conferencia-de-prensa-de-la-presidenta-claudia-sheinbaum-pardo-del-6-de-febrero-de-2025?idiom=es'
2026-07-28T15:33:25.223247Z [info     ] Artículo insertado en Bronze   hash=b9a9864577e5bae6a5f5fc74a77564b7a62fb93d3993b8319479be770b732445 layer=bronze module_name=lakehouse.pipeline.ingestion url='https://www.gob.mx/presidencia/es/articulos/version-estenografica-108-aniversario-de-la-constitucion-de-1917?idiom=es'
2026-07-28T15:33:25.690234Z [info     ] Artículo insertado en Bronze   hash=db0ac434914d032e0a78707e6aa4a015f3528a55bfecc9eb1741f45f4dba1893 layer=bronze module_name=lakehouse.pipeline.ingestion url='https://www.gob.mx/presidencia/es/articulos/version-estenografica-conferencia-de-prensa-de-la-presidenta-claudia-sheinbaum-pardo-del-5-de-febrero-de-2025?idiom=es'
2026-07-28T15:33:26.157317Z [info     ] Artículo insertado en Bronze   hash=a9655217bf872066c6ab26bb3a96531e52f9fb916a57e710d91d6c69dc746ba7 layer=bronze module_name=lakehouse.pipeline.ingestion url='https://www.gob.mx/presidencia/es/articulos/version-estenografica-encuentro-con-empresarias-y-empresarios?idiom=es'
2026-07-28T15:33:26.613130Z [info     ] Artículo insertado en Bronze   hash=57a18d7f6b8a047a1f08dacf92fd8863ab14266efe6708298b0f13f7a0342bac layer=bronze module_name=lakehouse.pipeline.ingestion url='https://www.gob.mx/presidencia/es/articulos/version-estenografica-conferencia-de-prensa-de-la-presidenta-claudia-sheinbaum-pardo-del-4-de-febrero-de-2025?idiom=es'
2026-07-28T15:33:27.113378Z [info     ] Artículo insertado en Bronze   hash=76f792e43dfb79bbe4746b2eb0b882283ac89d54613ad381b1483d8a05b9445c layer=bronze module_name=lakehouse.pipeline.ingestion url='https://www.gob.mx/presidencia/es/articulos/version-estenografica-bachillerato-para-todas-y-todos?idiom=es'
2026-07-28T15:33:27.546918Z [info     ] Artículo insertado en Bronze   hash=ea4be8ede6f6a746c1ea120597512e030b928a9d57dbc17dd92fc318283382a8 layer=bronze module_name=lakehouse.pipeline.ingestion url='https://www.gob.mx/presidencia/es/articulos/version-estenografica-conferencia-de-prensa-de-la-presidenta-claudia-sheinbaum-pardo-del-3-de-febrero-de-2025?idiom=es'
2026-07-28T15:33:28.002814Z [info     ] Artículo insertado en Bronze   hash=be7552db61f59aa1cca19c3071e089044dcb1a20d826160eb77bf9917a336c16 layer=bronze module_name=lakehouse.pipeline.ingestion url='https://www.gob.mx/presidencia/es/articulos/version-estenografica-entrega-de-tarjetas-del-programa-de-mejoramiento-de-vivienda-para-el-bienestar-389454?idiom=es'
2026-07-28T15:33:28.447585Z [info     ] Artículo insertado en Bronze   hash=8c4b40bc848c01a557868501d5b4e79f66c99c6af9335f5aa11d096bdbe6a2a0 layer=bronze module_name=lakehouse.pipeline.ingestion url='https://www.gob.mx/presidencia/es/articulos/version-estenografica-entrega-de-tarjetas-del-programa-de-mejoramiento-de-vivienda-para-el-bienestar-389418?idiom=es'
2026-07-28T15:33:30.461653Z [info     ] Artículo insertado en Bronze   hash=4e4f285649ff8db969d609710a26f13c73e3349d32a0d7bfb1ccab2dd54a155a layer=bronze module_name=lakehouse.pipeline.ingestion url='https://www.gob.mx/presidencia/es/articulos/version-estenografica-mensaje-de-la-presidenta-de-mexico-claudia-sheinbaum-pardo-al-pueblo-de-mexico-desde-palacio-nacional?idiom=es'
2026-07-28T15:33:30.937752Z [info     ] Artículo insertado en Bronze   hash=3f6b39fb8b3b626e2b9b25f6ebbd0286a28837794a166a4870375175ca33f618 layer=bronze module_name=lakehouse.pipeline.ingestion url='https://www.gob.mx/presidencia/es/articulos/version-estenografica-entrega-de-tarjetas-del-programa-de-mejoramiento-de-vivienda-para-el-bienestar-389367?idiom=es'
2026-07-28T15:33:31.460347Z [info     ] Artículo insertado en Bronze   hash=a800da3c1dd8ad98ecf342de68d53316314c6c33ba73f349462bc9429d1c3db9 layer=bronze module_name=lakehouse.pipeline.ingestion url='https://www.gob.mx/presidencia/es/articulos/version-estenografica-entrega-de-tarjetas-del-programa-de-mejoramiento-de-vivienda-para-el-bienestar-389366?idiom=es'
2026-07-28T15:33:31.988327Z [info     ] Artículo insertado en Bronze   hash=d9f4b4445e19b69371f3ea8f0eeed691dcdb4ff95f6cfa413e459854be4b7afc layer=bronze module_name=lakehouse.pipeline.ingestion url='https://www.gob.mx/presidencia/es/articulos/version-estenografica-entrega-de-tarjetas-del-programa-de-mejoramiento-de-vivienda-para-el-bienestar?idiom=es'
2026-07-28T15:33:32.466210Z [info     ] Artículo insertado en Bronze   hash=3b18980f5a3baf37529602dc89ddad9f3203abeb29da1d35af13adb3aefbb9fb layer=bronze module_name=lakehouse.pipeline.ingestion url='https://www.gob.mx/presidencia/es/articulos/version-estenografica-entrega-de-tarjetas-vivienda-para-el-bienestar-389313?idiom=es'
2026-07-28T15:33:32.933120Z [info     ] Artículo insertado en Bronze   hash=2cee4756cfaa1e51809d0d2d83eb1ed7cce84037432caa5d2ad52a2280cf8503 layer=bronze module_name=lakehouse.pipeline.ingestion url='https://www.gob.mx/presidencia/es/articulos/version-estenografica-entrega-de-tarjetas-vivienda-para-el-bienestar-389303?idiom=es'
2026-07-28T15:33:33.400027Z [info     ] Artículo insertado en Bronze   hash=5d5b6a1255851cd10da63e4bbdab9a77de77a5c8a4b24f0cee133f3ae0dd3d7b layer=bronze module_name=lakehouse.pipeline.ingestion url='https://www.gob.mx/presidencia/es/articulos/version-estenografica-entrega-de-tarjetas-vivienda-para-el-bienestar?idiom=es'
2026-07-28T15:33:33.922795Z [info     ] Artículo insertado en Bronze   hash=fd0a5812743116f865ecf74c208d9e6c2de54455f665b7fad941cbce77eefd5a layer=bronze module_name=lakehouse.pipeline.ingestion url='https://www.gob.mx/presidencia/es/articulos/version-estenografica-conferencia-de-prensa-de-la-presidenta-claudia-sheinbaum-pardo-del-31-de-enero-de-2025?idiom=es'
2026-07-28T15:33:34.411855Z [info     ] Artículo insertado en Bronze   hash=28fa1475884fd90b4a521abb13137cc3d5d00e5a262eb8fc508a2bd703751580 layer=bronze module_name=lakehouse.pipeline.ingestion url='https://www.gob.mx/presidencia/es/articulos/version-estenografica-conferencia-de-prensa-de-la-presidenta-claudia-sheinbaum-pardo-del-30-de-enero-de-2025?idiom=es'
2026-07-28T15:33:34.889907Z [info     ] Artículo insertado en Bronze   hash=bb9f5a38d4a2edcf8e5191bccfcbb8a302b2bfe3ca524647cb7d5e929712e614 layer=bronze module_name=lakehouse.pipeline.ingestion url='https://www.gob.mx/presidencia/es/articulos/version-estenografica-conferencia-de-prensa-de-la-presidenta-claudia-sheinbaum-pardo-del-29-de-enero-de-2025?idiom=es'
2026-07-28T15:33:35.367917Z [info     ] Artículo insertado en Bronze   hash=d4b4efe4b4061b8d4bc8e52d4c9c7c67e27e1959bc13975c355c8e2298dcffcd layer=bronze module_name=lakehouse.pipeline.ingestion url='https://www.gob.mx/presidencia/es/articulos/version-estenografica-conferencia-de-prensa-de-la-presidenta-claudia-sheinbaum-pardo-del-28-de-enero-de-2025?idiom=es'
2026-07-28T15:33:35.934958Z [info     ] Artículo insertado en Bronze   hash=d635e7bf6151b2d45bfae3bb421d53b7cdcc3960fe1f6af8cbe0c3d63a5dc58d layer=bronze module_name=lakehouse.pipeline.ingestion url='https://www.gob.mx/presidencia/es/articulos/version-estenografica-conferencia-de-prensa-de-la-presidenta-claudia-sheinbaum-pardo-del-27-de-enero-de-2025?idiom=es'
2026-07-28T15:33:36.390662Z [info     ] Artículo insertado en Bronze   hash=1959e9e9ef922b2fb2b8e513b24f3d198f04db4fec9412b8dd264f1963d45ab0 layer=bronze module_name=lakehouse.pipeline.ingestion url='https://www.gob.mx/presidencia/es/articulos/version-estenografica-entrega-de-tarjetas-pension-mujeres-bienestar?idiom=es'
2026-07-28T15:33:37.046565Z [info     ] Artículo insertado en Bronze   hash=40bcfdabe2b69a84c727086fe5f5e8e333d112663cade2bb3e2dcce0df6560ed layer=bronze module_name=lakehouse.pipeline.ingestion url='https://www.gob.mx/presidencia/es/articulos/version-estenografica-programas-para-el-bienestar-388896?idiom=es'
2026-07-28T15:33:37.513692Z [info     ] Artículo insertado en Bronze   hash=260a5836dfa6ef9dd109f4619cd88477ef6693d50a39f0afb19e2bf2449bcaf8 layer=bronze module_name=lakehouse.pipeline.ingestion url='https://www.gob.mx/presidencia/es/articulos/version-estenografica-inauguracion-de-la-carretera-mitla-tehuantepec?idiom=es'
2026-07-28T15:33:38.080103Z [info     ] Artículo insertado en Bronze   hash=467bcbdd4510ea2fea133cd482d3e43f458de46fe34e72577ded040a379a8635 layer=bronze module_name=lakehouse.pipeline.ingestion url='https://www.gob.mx/presidencia/es/articulos/version-estenografica-conferencia-de-prensa-de-la-presidenta-claudia-sheinbaum-pardo-del-24-de-enero-de-2025?idiom=es'
2026-07-28T15:33:38.580832Z [info     ] Artículo insertado en Bronze   hash=8505a40baab0b626e9a3f4061ffeac24ef47513a7be7d772d7ba58a1b94162fc layer=bronze module_name=lakehouse.pipeline.ingestion url='https://www.gob.mx/presidencia/es/articulos/version-estenografica-conferencia-de-prensa-de-la-presidenta-claudia-sheinbaum-pardo-del-23-de-enero-de-2025?idiom=es'
2026-07-28T15:33:39.070080Z [info     ] Artículo insertado en Bronze   hash=c521353caa56c94aef4b2bc9aaac27f932eb406d9cba5b6617647f4c108b8c6a layer=bronze module_name=lakehouse.pipeline.ingestion url='https://www.gob.mx/presidencia/es/articulos/version-estenografica-conferencia-de-prensa-de-la-presidenta-claudia-sheinbaum-pardo-del-22-de-enero-de-2025?idiom=es'
2026-07-28T15:33:39.547882Z [info     ] Artículo insertado en Bronze   hash=cd29c921a04b339922584e01c567cc3c4d1bab6c3311ba2face4a47fd20f6d37 layer=bronze module_name=lakehouse.pipeline.ingestion url='https://www.gob.mx/presidencia/es/articulos/version-estenografica-conferencia-de-prensa-de-la-presidenta-claudia-sheinbaum-pardo-del-21-de-enero-de-2025?idiom=es'
2026-07-28T15:33:40.026050Z [info     ] Artículo insertado en Bronze   hash=e0afd74f25cff986b27334d5e4e7877bdab6741adc018478cf69289a778fd557 layer=bronze module_name=lakehouse.pipeline.ingestion url='https://www.gob.mx/presidencia/es/articulos/version-estenografica-conferencia-de-prensa-de-la-presidenta-claudia-sheinbaum-pardo-del-20-de-enero-de-2025?idiom=es'
2026-07-28T15:33:40.492892Z [info     ] Artículo insertado en Bronze   hash=7a55678e0c44bafd899265801cd7d1e46fa7ac39768dac89fcdf1485dfb61524 layer=bronze module_name=lakehouse.pipeline.ingestion url='https://www.gob.mx/presidencia/es/articulos/version-estenografica-entrega-de-tarjetas-de-las-pensiones-para-el-bienestar?idiom=es'
2026-07-28T15:33:40.926571Z [info     ] Artículo insertado en Bronze   hash=d2b8db45a1280b37abd362d5a4eb447da54674c865904ed910eb376e80de78bc layer=bronze module_name=lakehouse.pipeline.ingestion url='https://www.gob.mx/presidencia/es/articulos/version-estenografica-recorrido-por-el-centro-de-rehabilitacion-e-inclusion-teleton-crit-de-tlapa-de-comonfort-guerrero?idiom=es'
2026-07-28T15:33:41.393596Z [info     ] Artículo insertado en Bronze   hash=4017c1df69e1a208cc72ba0034ae82978087d992e562e94cf0f08ff50f4044c0 layer=bronze module_name=lakehouse.pipeline.ingestion url='https://www.gob.mx/presidencia/es/articulos/version-estenografica-arranque-del-programa-nacional-de-fertilizantes-para-el-bienestar?idiom=es'
2026-07-28T15:33:41.827128Z [info     ] Artículo insertado en Bronze   hash=6e256c8a5029dd0a329645213ef74474972fb3ed0a9ff07c1142ab7ce530c837 layer=bronze module_name=lakehouse.pipeline.ingestion url='https://www.gob.mx/presidencia/es/articulos/version-estenografica-entrega-de-tarjetas-de-la-pension-mujeres-bienestar-388297?idiom=es'
2026-07-28T15:33:42.249616Z [info     ] Artículo insertado en Bronze   hash=1c8744145c4738b4d4ebd0b8ab1273f229d87b6935a2f2cbce9c76c7546c43ef layer=bronze module_name=lakehouse.pipeline.ingestion url='https://www.gob.mx/presidencia/es/articulos/version-estenografica-entrega-de-tarjetas-jovenes-construyendo-el-futuro?idiom=es'
2026-07-28T15:33:42.738825Z [info     ] Artículo insertado en Bronze   hash=ca993ac071b2dfc09feffc373af7bbe396119de3ac15a5f842e0e1219f6f537e layer=bronze module_name=lakehouse.pipeline.ingestion url='https://www.gob.mx/presidencia/es/articulos/version-estenografica-conferencia-de-prensa-de-la-presidenta-claudia-sheinbaum-pardo-del-17-de-enero-de-2025?idiom=es'
2026-07-28T15:33:43.394594Z [info     ] Artículo insertado en Bronze   hash=bc9b33ff75fc6beadafb500e0e7c4e275af3f1de5e3ad45975510d2341cb0f53 layer=bronze module_name=lakehouse.pipeline.ingestion url='https://www.gob.mx/presidencia/es/articulos/version-estenografica-centro-integral-para-el-programa-acapulco-se-transforma-contigo?idiom=es'
2026-07-28T15:33:43.950472Z [info     ] Artículo insertado en Bronze   hash=b5d2427708a63313ef5ed6c106044355a6a8f93429b9e2bf9d8bdbde8aec148d layer=bronze module_name=lakehouse.pipeline.ingestion url='https://www.gob.mx/presidencia/es/articulos/version-estenografica-encuentro-nacional-municipal?idiom=es'
2026-07-28T15:33:44.428505Z [info     ] Artículo insertado en Bronze   hash=513acf5b56bc0da23ee1a639fc5b61b7d4b44b3e623580349275b02a2524f05a layer=bronze module_name=lakehouse.pipeline.ingestion url='https://www.gob.mx/presidencia/es/articulos/version-estenografica-conferencia-de-prensa-de-la-presidenta-claudia-sheinbaum-pardo-del-16-de-enero-de-2025?idiom=es'
2026-07-28T15:33:44.962150Z [info     ] Artículo insertado en Bronze   hash=3601a5227db31b99513247d82e9a6bf62a33ae334396f86aad00609e831d8c18 layer=bronze module_name=lakehouse.pipeline.ingestion url='https://www.gob.mx/presidencia/es/articulos/version-estenografica-conferencia-de-prensa-de-la-presidenta-claudia-sheinbaum-pardo-del-15-de-enero-de-2025?idiom=es'
2026-07-28T15:33:45.473851Z [info     ] Artículo insertado en Bronze   hash=c158dfe0723350fc47a05c20e55c9815c6fe7b70f7c3f4bd3f0345fc96712dd4 layer=bronze module_name=lakehouse.pipeline.ingestion url='https://www.gob.mx/presidencia/es/articulos/version-estenografica-conferencia-de-prensa-de-la-presidenta-claudia-sheinbaum-pardo-del-14-de-enero-de-2025?idiom=es'
2026-07-28T15:33:45.984839Z [info     ] Artículo insertado en Bronze   hash=ff84f54b6e6ccb64753c6fe5da9c8b15b5925690d19c9a5746c4fea3eb2e2288 layer=bronze module_name=lakehouse.pipeline.ingestion url='https://www.gob.mx/presidencia/es/articulos/version-estenografica-presentacion-del-plan-mexico-en-el-museo-nacional-de-antropologia?idiom=es'
2026-07-28T15:33:46.496116Z [info     ] Artículo insertado en Bronze   hash=43ea68b16f382be59105601a630277e9a1b45fa33636c0c13ba47b518d46f1e3 layer=bronze module_name=lakehouse.pipeline.ingestion url='https://www.gob.mx/presidencia/es/articulos/version-estenografica-conferencia-de-prensa-de-la-presidenta-claudia-sheinbaum-pardo-del-13-de-enero-de-2025?idiom=es'
2026-07-28T15:33:46.985475Z [info     ] Artículo insertado en Bronze   hash=98dd442dc27e3cc25589471e26459a7565535b160e3afd3556d2511051f5af87 layer=bronze module_name=lakehouse.pipeline.ingestion url='https://www.gob.mx/presidencia/es/articulos/version-estenografica-informe-100-dias-de-gobierno?idiom=es'
2026-07-28T15:33:47.430235Z [info     ] Artículo insertado en Bronze   hash=a4a8bdabf663d873143b92a4be35fde4b32390617919c085285918ac7ce0a53c layer=bronze module_name=lakehouse.pipeline.ingestion url='https://www.gob.mx/presidencia/es/articulos/version-estenografica-si-al-desarme-si-a-la-paz-en-la-basilica-de-guadalupe?idiom=es'
2026-07-28T15:33:47.941557Z [info     ] Artículo insertado en Bronze   hash=9d544d0f0b0b6853e7a368e75ba853a3325897f5c9f1647b9fa1c908d142021f layer=bronze module_name=lakehouse.pipeline.ingestion url='https://www.gob.mx/presidencia/es/articulos/version-estenografica-conferencia-de-prensa-de-la-presidenta-claudia-sheinbaum-pardo-del-10-de-enero-de-2025?idiom=es'
2026-07-28T15:33:48.441904Z [info     ] Artículo insertado en Bronze   hash=6d8083f3cb0d920da1d73826713682bd0310d200eb94f17f510a680b0730358c layer=bronze module_name=lakehouse.pipeline.ingestion url='https://www.gob.mx/presidencia/es/articulos/version-estenografica-conferencia-de-prensa-de-la-presidenta-claudia-sheinbaum-pardo-del-9-de-enero-de-2025-387640?idiom=es'
2026-07-28T15:33:48.953222Z [info     ] Artículo insertado en Bronze   hash=45579a49743b05333d84f38ce4be5cdae4cbc999c47ad12afa20026d94b89c21 layer=bronze module_name=lakehouse.pipeline.ingestion url='https://www.gob.mx/presidencia/es/articulos/version-estenografica-conferencia-de-prensa-de-la-presidenta-claudia-sheinbaum-pardo-del-8-de-enero-de-2025?idiom=es'
2026-07-28T15:33:49.509118Z [info     ] Artículo insertado en Bronze   hash=ec0e8b75bac9be1c6ced1666f5e6b8a0a899709e4a44bb55bd3f50482229b664 layer=bronze module_name=lakehouse.pipeline.ingestion url='https://www.gob.mx/presidencia/es/articulos/version-estenografica-conferencia-de-prensa-de-la-presidenta-claudia-sheinbaum-pardo-del-7-de-enero-de-2025?idiom=es'
2026-07-28T15:33:49.920565Z [info     ] Artículo insertado en Bronze   hash=401ccbc4389694e0d95b9edd79e837af87e5f21bb107c07d422d3b65e44de717 layer=bronze module_name=lakehouse.pipeline.ingestion url='https://www.gob.mx/presidencia/es/articulos/version-estenografica-reapertura-del-segundo-piso-del-museo-nacional-de-antropologia-grandeza-y-diversidad-cultural-de-mexico?idiom=es'
2026-07-28T15:33:50.402736Z [info     ] Artículo insertado en Bronze   hash=d67f2351b1af0786a571af7a0562bb002fdb3f71adc2e6201d1c624d99308bfe layer=bronze module_name=lakehouse.pipeline.ingestion url='https://www.gob.mx/presidencia/es/articulos/version-estenografica-conferencia-de-prensa-de-la-presidenta-claudia-sheinbaum-pardo-del-6-de-enero-de-2025?idiom=es'
2026-07-28T15:33:50.865579Z [info     ] Artículo insertado en Bronze   hash=7a7a918aec14c7a628e07f80ef7355cec6d196ce25f1dc814827cd914bda0119 layer=bronze module_name=lakehouse.pipeline.ingestion url='https://www.gob.mx/presidencia/es/articulos/version-estenografica-entrega-de-tarjetas-de-las-pensiones-bienestar?idiom=es'
2026-07-28T15:33:51.354666Z [info     ] Artículo insertado en Bronze   hash=07349a0f662ea77f85a41b89ee9e2150498f99487b190dbe68fb0e0b3f61c8a5 layer=bronze module_name=lakehouse.pipeline.ingestion url='https://www.gob.mx/presidencia/es/articulos/version-estenografica-entrega-de-tarjetas-de-las-pensiones-del-bienestar-387268?idiom=es'
2026-07-28T15:33:51.832893Z [info     ] Artículo insertado en Bronze   hash=21b67d8c9126f83197ebe2ba372c21be15c4f88385c65cab08e1171dcec20eaf layer=bronze module_name=lakehouse.pipeline.ingestion url='https://www.gob.mx/presidencia/es/articulos/version-estenografica-entrega-de-tarjetas-de-la-pension-mujeres-bienestar?idiom=es'
2026-07-28T15:33:52.310874Z [info     ] Artículo insertado en Bronze   hash=05676eccf772b160c5a662750d07152021558d0afc78d69bcb1d2da2451e29b8 layer=bronze module_name=lakehouse.pipeline.ingestion url='https://www.gob.mx/presidencia/es/articulos/version-estenografica-entrega-de-tarjetas-de-las-pensiones-del-bienestar?idiom=es'
2026-07-28T15:33:52.777626Z [info     ] Artículo insertado en Bronze   hash=bd1406553cc702791dc6e7120df337adcacd121a2afd3836ba14fa0487b62950 layer=bronze module_name=lakehouse.pipeline.ingestion url='https://www.gob.mx/presidencia/es/articulos/version-estenografica-entrega-de-tarjetas-pension-mujeres-bienestar-zinacantepec-estado-de-mexico?idiom=es'
2026-07-28T15:33:53.266946Z [info     ] Artículo insertado en Bronze   hash=e5a5ee89a582650a8ebc90016d41f902e7b5009046429fa409ba51394fdead28 layer=bronze module_name=lakehouse.pipeline.ingestion url='https://www.gob.mx/presidencia/es/articulos/version-estenografica-conferencia-de-prensa-de-la-presidenta-claudia-sheinbaum-pardo-del-3-de-enero-de-2025?idiom=es'
2026-07-28T15:33:53.778403Z [info     ] Artículo insertado en Bronze   hash=846e1919a8c42d976a9c64dd6d4160e44df36fe15413fb6aba425f1f4f39235d layer=bronze module_name=lakehouse.pipeline.ingestion url='https://www.gob.mx/presidencia/es/articulos/version-estenografica-conferencia-de-prensa-de-la-presidenta-claudia-sheinbaum-pardo-del-2-de-enero-de-2025?idiom=es'
2026-07-28T15:33:54.257692Z [info     ] Artículo insertado en Bronze   hash=0260086c33eee23de94fb789d725bd40724b9d166d84e722d9094f34cee38baa layer=bronze module_name=lakehouse.pipeline.ingestion url='https://www.gob.mx/presidencia/es/articulos/version-estenografica-conferencia-de-prensa-de-la-presidenta-claudia-sheinbaum-pardo-del-30-de-diciembre-de-2024?idiom=es'
2026-07-28T15:33:54.735676Z [info     ] Artículo insertado en Bronze   hash=851a95cd988633a6f0d32350acfb8ae26ede354d36d2997322b9702be08e949d layer=bronze module_name=lakehouse.pipeline.ingestion url='https://www.gob.mx/presidencia/es/articulos/version-estenografica-programas-para-el-bienestar-386975?idiom=es'
2026-07-28T15:33:55.180495Z [info     ] Artículo insertado en Bronze   hash=8deabc27273bf2fa8334907e5b48e32b9147cc442f5e7b0d78d378d079d03b2e layer=bronze module_name=lakehouse.pipeline.ingestion url='https://www.gob.mx/presidencia/es/articulos/version-estenografica-inauguracion-de-la-autopista-jala-puerto-vallarta?idiom=es'
2026-07-28T15:33:55.702941Z [info     ] Artículo insertado en Bronze   hash=4584ee7acbf486f941df352ffdd2ba9ca8ed46c2f918670ee35b3409c011c659 layer=bronze module_name=lakehouse.pipeline.ingestion url='https://www.gob.mx/presidencia/es/articulos/version-estenografica-conferencia-de-prensa-de-la-presidenta-claudia-sheinbaum-pardo-del-27-de-diciembre-de-2024?idiom=es'
2026-07-28T15:33:56.236670Z [info     ] Artículo insertado en Bronze   hash=57c92d572f366cc6c8c719ea2d59127788abb757b41e96a5a73675ac8fd6ebfb layer=bronze module_name=lakehouse.pipeline.ingestion url='https://www.gob.mx/presidencia/es/articulos/version-estenografica-conferencia-de-prensa-de-la-presidenta-claudia-sheinbaum-pardo-del-26-de-diciembre-de-2024?idiom=es'
2026-07-28T15:33:56.881396Z [info     ] Artículo insertado en Bronze   hash=0e8116f5c33da6c4af448c271993619a76152701fac15e74fd0e2217e6eac282 layer=bronze module_name=lakehouse.pipeline.ingestion url='https://www.gob.mx/presidencia/es/articulos/version-estenografica-conferencia-de-prensa-de-la-presidenta-claudia-sheinbaum-pardo-del-23-de-diciembre-de-2024?idiom=es'
2026-07-28T15:33:57.348455Z [info     ] Artículo insertado en Bronze   hash=64746f597b74eaff95fd7953f38535ffe62e75a29f69c659ded5336fb0b52e0a layer=bronze module_name=lakehouse.pipeline.ingestion url='https://www.gob.mx/presidencia/es/articulos/version-estenografica-programas-para-el-bienestar-386732?idiom=es'
2026-07-28T15:33:57.837482Z [info     ] Artículo insertado en Bronze   hash=579713dfdd00a2057ea17d364263c92b5d76b9008aa16ac567dcd79208a71515 layer=bronze module_name=lakehouse.pipeline.ingestion url='https://www.gob.mx/presidencia/es/articulos/version-estenografica-entrega-de-la-universidad-del-pueblo-yaqui?idiom=es'
2026-07-28T15:33:58.304495Z [info     ] Artículo insertado en Bronze   hash=7619db246a5c5770343ab5eb3e342bc48e0307b8a7243e14bb7e46aa98423ad8 layer=bronze module_name=lakehouse.pipeline.ingestion url='https://www.gob.mx/presidencia/es/articulos/version-estenografica-inauguracion-del-hospital-general-regional-no-02?idiom=es'
2026-07-28T15:33:58.815902Z [info     ] Artículo insertado en Bronze   hash=509fa259025cf816c5bbbadf8cfe65336881ee0f34a8b70bda83e1de17b4fc3e layer=bronze module_name=lakehouse.pipeline.ingestion url='https://www.gob.mx/presidencia/es/articulos/version-estenografica-restitucion-de-tierras-a-la-comunidad-raramuri-y-plan-de-justicia-para-pueblos-de-la-sierra-tarahumara?idiom=es'
2026-07-28T15:33:59.482436Z [info     ] Artículo insertado en Bronze   hash=d1d1143ecbe4de9f4bea5f6a242adc8b49dc20bf2fedbab4a78097cec2c80d7f layer=bronze module_name=lakehouse.pipeline.ingestion url='https://www.gob.mx/presidencia/es/articulos/version-estenografica-conferencia-de-prensa-de-la-presidenta-claudia-sheinbaum-pardo-del-20-de-diciembre-de-2024?idiom=es'
2026-07-28T15:33:59.994174Z [info     ] Artículo insertado en Bronze   hash=33c3b6368fa6520bde91a39c05ef59f92ffe38ed9c26e2e757f2607358b1c7c8 layer=bronze module_name=lakehouse.pipeline.ingestion url='https://www.gob.mx/presidencia/es/articulos/version-estenografica-conferencia-de-prensa-de-la-presidenta-claudia-sheinbaum-pardo-del-19-de-diciembre-de-2024?idiom=es'
2026-07-28T15:34:00.472190Z [info     ] Artículo insertado en Bronze   hash=00667c87a2cc2db225f02138db7708e0d94e2ca136134cb6e4a955987761b43f layer=bronze module_name=lakehouse.pipeline.ingestion url='https://www.gob.mx/presidencia/es/articulos/version-estenografica-conferencia-de-prensa-de-la-presidenta-claudia-sheinbaum-pardo-del-18-de-diciembre-de-2024?idiom=es'
2026-07-28T15:34:01.105905Z [info     ] Artículo insertado en Bronze   hash=0d53c493fa161a4bb11ce4f1fcf5ac8ab26f75581342738ce74e881ee79eb5de layer=bronze module_name=lakehouse.pipeline.ingestion url='https://www.gob.mx/presidencia/es/articulos/version-estenografica-conferencia-de-prensa-de-la-presidenta-claudia-sheinbaum-pardo-del-17-de-diciembre-de-2024?idiom=es'
2026-07-28T15:34:01.583960Z [info     ] Artículo insertado en Bronze   hash=0e45d8f9390a257a3a013d13fac2aebb9fe4e898f9ecfd6b1f01b52574cdff0b layer=bronze module_name=lakehouse.pipeline.ingestion url='https://www.gob.mx/presidencia/es/articulos/version-estenografica-conferencia-de-prensa-de-la-presidenta-claudia-sheinbaum-pardo-del-16-de-diciembre-de-2024?idiom=es'
2026-07-28T15:34:02.162189Z [info     ] Artículo insertado en Bronze   hash=5a79a6d0fa4641450995e1ff0819a8dddb0efbf09b8cc11d5ae1166cb64f5511 layer=bronze module_name=lakehouse.pipeline.ingestion url='https://www.gob.mx/presidencia/es/articulos/version-estenografica-1-aniversario-del-tren-maya-e-inauguracion-de-los-tramos-6-y-7?idiom=es'
2026-07-28T15:34:02.617997Z [info     ] Artículo insertado en Bronze   hash=2f24d6196ef48544d0e013da86c6cf0ea83628566185ba68ead80de4620b4417 layer=bronze module_name=lakehouse.pipeline.ingestion url='https://www.gob.mx/presidencia/es/articulos/version-estenografica-inicio-de-la-construccion-del-parque-ecoturistico-la-ceiba?idiom=es'
2026-07-28T15:34:03.073879Z [info     ] Artículo insertado en Bronze   hash=9cedf87c3a13829c26957f99c9420566bde522aea00f4bc6ad83c6d8c612eb15 layer=bronze module_name=lakehouse.pipeline.ingestion url='https://www.gob.mx/presidencia/es/articulos/version-estenografica-entrega-de-titulos-profesionales-a-egresados-de-universidades-benito-juarez?idiom=es'
2026-07-28T15:34:03.574105Z [info     ] Artículo insertado en Bronze   hash=1b25d09a952d42aa8a1c7e074a7981d6de6ddda1008f6e49f34c0dfc6208cb39 layer=bronze module_name=lakehouse.pipeline.ingestion url='https://www.gob.mx/presidencia/es/articulos/version-estenografica-115-asamblea-general-ordinaria-del-imss?idiom=es'
2026-07-28T15:34:04.285528Z [info     ] Artículo insertado en Bronze   hash=6a24de21ffe6897292f97e18f85f694c5a5fe15fb72131678565d3108a0b1dfa layer=bronze module_name=lakehouse.pipeline.ingestion url='https://www.gob.mx/presidencia/es/articulos/version-estenografica-conferencia-de-prensa-de-la-presidenta-claudia-sheinbaum-pardo-del-13-de-diciembre-de-2024?idiom=es'
2026-07-28T15:34:04.730317Z [info     ] Artículo insertado en Bronze   hash=6f07aefaf6c8b67354e139a6a17759895b5ca8aedaeb5e5a33b9a3a3979f4fc0 layer=bronze module_name=lakehouse.pipeline.ingestion url='https://www.gob.mx/presidencia/es/articulos/version-estenografica-inauguracion-de-la-construccion-del-cecyt-20-natalia-serdan-y-upii-alejo-peralta?idiom=es'
2026-07-28T15:34:05.230434Z [info     ] Artículo insertado en Bronze   hash=d25d2ecfcdd24d5c7fcfe3940aa1fffecd7d8471f9bb627bcaf2df77639c0f28 layer=bronze module_name=lakehouse.pipeline.ingestion url='https://www.gob.mx/presidencia/es/articulos/version-estenografica-conferencia-de-prensa-de-la-presidenta-claudia-sheinbaum-pardo-del-11-de-diciembre-de-2024?idiom=es'
2026-07-28T15:34:05.708605Z [info     ] Artículo insertado en Bronze   hash=b7bcaf7b2ae08dc565bf2b15fc48eb6bd556b0ac1860605fccc309eea99ad753 layer=bronze module_name=lakehouse.pipeline.ingestion url='https://www.gob.mx/presidencia/es/articulos/version-estenografica-consejo-nacional-de-seguridad-publica?idiom=es'
2026-07-28T15:34:06.397703Z [info     ] Artículo insertado en Bronze   hash=c3f437ccc23debe592f4af63d006413528eab2176db98f59bf6403efc457e0a9 layer=bronze module_name=lakehouse.pipeline.ingestion url='https://www.gob.mx/presidencia/es/articulos/version-estenografica-conferencia-de-prensa-de-la-presidenta-claudia-sheinbaum-pardo-del-10-de-diciembre-de-2024?idiom=es'
2026-07-28T15:34:06.897952Z [info     ] Artículo insertado en Bronze   hash=5b2f331aa554b5c5cb4667e8356383256d91d156bacf7712d0484c875a6cc012 layer=bronze module_name=lakehouse.pipeline.ingestion url='https://www.gob.mx/presidencia/es/articulos/version-estenografica-conferencia-de-prensa-de-la-presidenta-claudia-sheinbaum-pardo-del-9-de-diciembre-de-2024?idiom=es'
2026-07-28T15:34:07.365107Z [info     ] Artículo insertado en Bronze   hash=197a7a976a3d2561e5072863758d526adb975c2ec4f66d10be0008b83134192f layer=bronze module_name=lakehouse.pipeline.ingestion url='https://www.gob.mx/presidencia/es/articulos/version-estenografica-programas-para-el-bienestar-385510?idiom=es'
2026-07-28T15:34:07.843165Z [info     ] Artículo insertado en Bronze   hash=e532a28b643394fcf6384f9736ff29314faee9dfafacdb90d652bf43072a30a8 layer=bronze module_name=lakehouse.pipeline.ingestion url='https://www.gob.mx/presidencia/es/articulos/version-estenografica-inauguracion-del-centro-de-salud-docente-con-servicios-ampliados-de-santiago-astata-oaxaca?idiom=es'
2026-07-28T15:34:08.310112Z [info     ] Artículo insertado en Bronze   hash=180d57c9c3c28ac020ae52868de5ff27c08a5a4a5d10b92ff5cd5ec6b46c8e4e layer=bronze module_name=lakehouse.pipeline.ingestion url='https://www.gob.mx/presidencia/es/articulos/version-estenografica-inauguracion-de-la-autopista-tuxtla-san-cristobal?idiom=es'
2026-07-28T15:34:08.776937Z [info     ] Artículo insertado en Bronze   hash=c17a31eed7d0f742f6b6d28ed7df20f763bf661785d52eb77441a829e19d5e93 layer=bronze module_name=lakehouse.pipeline.ingestion url='https://www.gob.mx/presidencia/es/articulos/version-estenografica-conferencia-de-prensa-de-la-presidenta-claudia-sheinbaum-pardo-del-6-de-diciembre-de-2024?idiom=es'
2026-07-28T15:34:09.288430Z [info     ] Artículo insertado en Bronze   hash=6921c8c9ed89a2139dd7cbbd6ba09a0e76b52dc7ef8dc197d88a314bb71a3e03 layer=bronze module_name=lakehouse.pipeline.ingestion url='https://www.gob.mx/presidencia/es/articulos/version-estenografica-conferencia-de-prensa-de-la-presidenta-claudia-sheinbaum-pardo-del-5-de-diciembre-de-2024?idiom=es'
2026-07-28T15:34:09.955328Z [info     ] Artículo insertado en Bronze   hash=b4f0951b77837f492e130392b3a7639b5523ed6888431aae99ea59f1274571aa layer=bronze module_name=lakehouse.pipeline.ingestion url='https://www.gob.mx/presidencia/es/articulos/version-estenografica-conferencia-de-prensa-de-la-presidenta-claudia-sheinbaum-pardo-del-4-de-diciembre-de-2024?idiom=es'
2026-07-28T15:34:10.566627Z [info     ] Artículo insertado en Bronze   hash=7cdc4599b46b16c37e20b957edc58ae0a59641c69a1431d03826b0f7ebaf9d9b layer=bronze module_name=lakehouse.pipeline.ingestion url='https://www.gob.mx/presidencia/es/articulos/version-estenografica-conferencia-de-prensa-de-la-presidenta-claudia-sheinbaum-pardo-del-3-de-diciembre-de-2024?idiom=es'
2026-07-28T15:34:11.000295Z [info     ] Artículo insertado en Bronze   hash=90792eca70f04a43b8fd7c9f63d385ed9c2763662dbb4fc76117ee61d00170ae layer=bronze module_name=lakehouse.pipeline.ingestion url='https://www.gob.mx/presidencia/es/articulos/version-estenografica-firma-de-convenio-entre-el-gobierno-de-mexico-y-la-fundacion-teleton-a-c?idiom=es'
2026-07-28T15:34:11.567282Z [info     ] Artículo insertado en Bronze   hash=23bc97fc8bdb7f85d75c95a54ba900d9fae04c06af793ee32b3aa1cfea6a4722 layer=bronze module_name=lakehouse.pipeline.ingestion url='https://www.gob.mx/presidencia/es/articulos/version-estenografica-conferencia-de-prensa-de-la-presidenta-claudia-sheinbaum-pardo-del-2-de-diciembre-de-2024?idiom=es'
2026-07-28T15:34:12.100961Z [info     ] Artículo insertado en Bronze   hash=8a337ec5e1b5f0888f4c41ee7cdd5cda3278244a6a9e3e59d7640704ea1ce9b1 layer=bronze module_name=lakehouse.pipeline.ingestion url='https://www.gob.mx/presidencia/es/articulos/version-estenografica-inauguracion-del-hospital-imss-bienestar-de-salud-mental-dr-victor-m-concha-vasquez?idiom=es'
2026-07-28T15:34:12.612328Z [info     ] Artículo insertado en Bronze   hash=1638e56d2e039aba52238442eeb4a9c3f9b700a97395c187b51401a3058a8077 layer=bronze module_name=lakehouse.pipeline.ingestion url='https://www.gob.mx/presidencia/es/articulos/version-estenografica-inauguracion-de-la-unidad-de-medicina-familiar-no-73?idiom=es'
2026-07-28T15:34:13.090373Z [info     ] Artículo insertado en Bronze   hash=862ebd24c0a76d302f9bbec52e7c6cd20115a2895b29add8f632aa1f01c11fbc layer=bronze module_name=lakehouse.pipeline.ingestion url='https://www.gob.mx/presidencia/es/articulos/version-estenografica-conferencia-de-prensa-de-la-presidenta-claudia-sheinbaum-pardo-del-29-de-noviembre-de-2024?idiom=es'
2026-07-28T15:34:13.646093Z [info     ] Artículo insertado en Bronze   hash=31887b6c681598c7155f388eb5054d6d7cb5660a1a15fc222e02c2916c2afad3 layer=bronze module_name=lakehouse.pipeline.ingestion url='https://www.gob.mx/presidencia/es/articulos/version-estenografica-conferencia-de-prensa-de-la-presidenta-claudia-sheinbaum-pardo-del-28-de-noviembre-de-2024?idiom=es'
2026-07-28T15:34:14.135346Z [info     ] Artículo insertado en Bronze   hash=f62b0afcd997087d4251a8ab089a52aca6c5b8b6f44627484ea3c53c574948c7 layer=bronze module_name=lakehouse.pipeline.ingestion url='https://www.gob.mx/presidencia/es/articulos/version-estenografica-premio-nacional-de-deportes-2024?idiom=es'
2026-07-28T15:34:14.657870Z [info     ] Artículo insertado en Bronze   hash=2ac9fda3c70f56b6bcb75b6a9accb9800c9e397e0c61b76a655fea4d03d60c26 layer=bronze module_name=lakehouse.pipeline.ingestion url='https://www.gob.mx/presidencia/es/articulos/version-estenografica-conferencia-de-prensa-de-la-presidenta-claudia-sheinbaum-pardo-del-27-de-noviembre-de-2024?idiom=es'
2026-07-28T15:34:15.124814Z [info     ] Artículo insertado en Bronze   hash=3aae31ff468782d78acf0998d40e89969b58c94391e4d96af94e35ec5461313e layer=bronze module_name=lakehouse.pipeline.ingestion url='https://www.gob.mx/presidencia/es/articulos/version-estenografica-conferencia-de-prensa-de-la-presidenta-claudia-sheinbaum-pardo-del-26-de-noviembre-de-2024?idiom=es'
2026-07-28T15:34:15.658363Z [info     ] Artículo insertado en Bronze   hash=c541575f72b5445abf4a331a83fd38878f58604647d23b55ef2f3bbd136ae042 layer=bronze module_name=lakehouse.pipeline.ingestion url='https://www.gob.mx/presidencia/es/articulos/version-estenografica-acuerdo-nacional-por-el-derecho-humano-al-agua-y-la-sustentabilidad?idiom=es'
2026-07-28T15:34:16.136596Z [info     ] Artículo insertado en Bronze   hash=5797b0720e3103eb091c3925741f7151675a9d3bb1700629f0164501bfdc919d layer=bronze module_name=lakehouse.pipeline.ingestion url='https://www.gob.mx/presidencia/es/articulos/version-estenografica-conferencia-de-prensa-de-la-presidenta-claudia-sheinbaum-pardo-del-25-de-noviembre-de-2024?idiom=es'
2026-07-28T15:34:16.636855Z [info     ] Artículo insertado en Bronze   hash=7c18823a9bec5bec56bade5d086e8776ed55ecd4488d0af8cd871fc59e1d0b64 layer=bronze module_name=lakehouse.pipeline.ingestion url='https://www.gob.mx/presidencia/es/articulos/version-estenografica-pension-mujeres-bienestar-en-alvaro-obregon-michoacan?idiom=es'
2026-07-28T15:34:17.092777Z [info     ] Artículo insertado en Bronze   hash=bbd1a2ab0666180ac154c68fb309a29dd0c189fb0ff0f65702488337b66fa9ac layer=bronze module_name=lakehouse.pipeline.ingestion url='https://www.gob.mx/presidencia/es/articulos/version-estenografica-199-aniversario-de-la-consolidacion-de-la-independencia-en-el-mar?idiom=es'
2026-07-28T15:34:17.560782Z [info     ] Artículo insertado en Bronze   hash=a44410e405bdd8ae5aaa66433b0faadc50466f9463d23e3e7f956971af9b9e62 layer=bronze module_name=lakehouse.pipeline.ingestion url='https://www.gob.mx/presidencia/es/articulos/version-estenografica-conferencia-de-prensa-de-la-presidenta-claudia-sheinbaum-pardo-del-22-de-noviembre-de-2024?idiom=es'
2026-07-28T15:34:18.072194Z [info     ] Artículo insertado en Bronze   hash=3887f2111581b5f5cf5d4389862c3c56d6c4d07fd626073e0af40f988d611968 layer=bronze module_name=lakehouse.pipeline.ingestion url='https://www.gob.mx/presidencia/es/articulos/version-estenografica-conferencia-de-prensa-de-la-presidenta-claudia-sheinbaum-pardo-del-21-de-noviembre-de-2024?idiom=es'
2026-07-28T15:34:18.539244Z [info     ] Artículo insertado en Bronze   hash=00af5d70f2ab7094ee7e688be03f4bf0cfd745683765bc8221bf1009824a0933 layer=bronze module_name=lakehouse.pipeline.ingestion url='https://www.gob.mx/presidencia/es/articulos/version-estenografica-114-aniversario-de-la-revolucion-mexicana?idiom=es'
2026-07-28T15:34:19.217189Z [info     ] Artículo insertado en Bronze   hash=4e40674001973c72e793ad59942640f3769b782b7cb811259caa9fdd0ba02f77 layer=bronze module_name=lakehouse.pipeline.ingestion url='https://www.gob.mx/presidencia/es/articulos/version-estenografica-conferencia-de-prensa-de-la-presidenta-claudia-sheinbaum-pardo-del-20-de-noviembre-de-2024?idiom=es'
2026-07-28T15:34:19.728679Z [info     ] Artículo insertado en Bronze   hash=59aebcada0929ba7e40451d65e0f61884952f7d0fdf8907563d515e10f15ce57 layer=bronze module_name=lakehouse.pipeline.ingestion url='https://www.gob.mx/presidencia/es/articulos/version-estenografica-primera-sesion-de-trabajo-lucha-contra-el-hambre-y-la-pobreza-en-la-cumbre-del-g20?idiom=es'
2026-07-28T15:34:20.140043Z [info     ] Artículo insertado en Bronze   hash=7c39b66c4c68b805a5d9a57d304295ba5b4c2e64ebfd09ec6e2c29863ebc80a3 layer=bronze module_name=lakehouse.pipeline.ingestion url='https://www.gob.mx/presidencia/es/articulos/version-estenografica-segunda-sesion-de-trabajo-reforma-de-las-instituciones-de-gobernanza-global-en-la-cumbre-del-g20?idiom=es'
2026-07-28T15:34:20.651430Z [info     ] Artículo insertado en Bronze   hash=d464052d3b42bdf6a7d8d48c83eab713c4516a72d9df3c30d6c262a0535e1701 layer=bronze module_name=lakehouse.pipeline.ingestion url='https://www.gob.mx/presidencia/es/articulos/version-estenografica-conferencia-de-prensa-de-la-presidenta-claudia-sheinbaum-pardo-del-15-de-noviembre-de-2024?idiom=es'
2026-07-28T15:34:21.140609Z [info     ] Artículo insertado en Bronze   hash=bc362b96fdc3def2bedf8bd6cc85b24c3cc96891f3fd3c61dc9d97351bde007e layer=bronze module_name=lakehouse.pipeline.ingestion url='https://www.gob.mx/presidencia/es/articulos/version-estenografica-conferencia-de-prensa-de-la-presidenta-claudia-sheinbaum-pardo-del-14-de-noviembre-de-2024?idiom=es'
2026-07-28T15:34:21.585270Z [info     ] Artículo insertado en Bronze   hash=d821e850827b2b10e944365eef56b2a80bd6eec4a89e62d1feed60256c4d8da4 layer=bronze module_name=lakehouse.pipeline.ingestion url='https://www.gob.mx/presidencia/es/articulos/version-estenografica-original-encuentro-de-arte-textil-mexicano-en-palacio-nacional?idiom=es'
2026-07-28T15:34:22.041076Z [info     ] Artículo insertado en Bronze   hash=43f565940ee7bbc6f933165bb153534798a053b3926d9ef0060a9637c0974edb layer=bronze module_name=lakehouse.pipeline.ingestion url='https://www.gob.mx/presidencia/es/articulos/version-estenografica-conferencia-de-prensa-de-la-presidenta-claudia-sheinbaum-pardo-del-13-de-noviembre-de-2024?idiom=es'
2026-07-28T15:34:22.530232Z [info     ] Artículo insertado en Bronze   hash=e2a713c86fd14e5b76da81d56810dab3ba9c5aa9206acc711a6405645abc02ba layer=bronze module_name=lakehouse.pipeline.ingestion url='https://www.gob.mx/presidencia/es/articulos/version-estenografica-conferencia-de-prensa-de-la-presidenta-claudia-sheinbaum-pardo-del-12-de-noviembre-de-2024?idiom=es'
2026-07-28T15:34:23.030798Z [info     ] Artículo insertado en Bronze   hash=92f0bf772e5283665886f3f5ea32f4461764ec9d2b786244571c79cd4a46c97c layer=bronze module_name=lakehouse.pipeline.ingestion url='https://www.gob.mx/presidencia/es/articulos/version-estenografica-conferencia-de-prensa-de-la-presidenta-claudia-sheinbaum-pardo-del-11-de-noviembre-de-2024?idiom=es'
2026-07-28T15:34:23.530984Z [info     ] Artículo insertado en Bronze   hash=57bf049f81d297062b22706abe6a4038cf14cf6d93508b605a93d662db9f4359 layer=bronze module_name=lakehouse.pipeline.ingestion url='https://www.gob.mx/presidencia/es/articulos/version-estenografica-encuentro-con-el-pueblo-de-zacatecas?idiom=es'
2026-07-28T15:34:23.986759Z [info     ] Artículo insertado en Bronze   hash=b29a17d978236ee56e20a2c919d7e88bf33852f511d041d4746a71c51f9a9c7b layer=bronze module_name=lakehouse.pipeline.ingestion url='https://www.gob.mx/presidencia/es/articulos/version-estenografica-inauguracion-de-la-unidad-de-medicina-familiar-no-58?idiom=es'
2026-07-28T15:34:24.453812Z [info     ] Artículo insertado en Bronze   hash=bec422ad52307e0de5cef48c19308ae2d645806e75aa59341a50da5c4f58540d layer=bronze module_name=lakehouse.pipeline.ingestion url='https://www.gob.mx/presidencia/es/articulos/version-estenografica-inauguracion-camino-artesanal-pata-de-gallo-santiago-teneraca-primera-etapa-en-mezquital-durango?idiom=es'
2026-07-28T15:34:24.920953Z [info     ] Artículo insertado en Bronze   hash=916538d61607c711dc8a69ab42bc99aa423209631c127f7333553af69000dd8a layer=bronze module_name=lakehouse.pipeline.ingestion url='https://www.gob.mx/presidencia/es/articulos/version-estenografica-programa-de-apoyo-al-campo?idiom=es'
2026-07-28T15:34:25.354329Z [info     ] Artículo insertado en Bronze   hash=734b0bc548ca0047b50a08b831afe86c1f8e75fbb49a9aa705ab018391b5391f layer=bronze module_name=lakehouse.pipeline.ingestion url='https://www.gob.mx/presidencia/es/articulos/version-estenografica-pension-mujeres-bienestar?idiom=es'
2026-07-28T15:34:25.887926Z [info     ] Artículo insertado en Bronze   hash=81e96a99e88ffd7c719b51c750e78d76d1dcc9c221c4918772a16c3d86179634 layer=bronze module_name=lakehouse.pipeline.ingestion url='https://www.gob.mx/presidencia/es/articulos/version-estenografica-conferencia-de-prensa-de-la-presidenta-claudia-sheinbaum-pardo-del-8-de-noviembre-de-2024?idiom=es'
2026-07-28T15:34:26.377058Z [info     ] Artículo insertado en Bronze   hash=922ad9200fa4016658df672d47426d6b01305e3606b808c77fc1bde6f17e5332 layer=bronze module_name=lakehouse.pipeline.ingestion url='https://www.gob.mx/presidencia/es/articulos/version-estenografica-conferencia-de-prensa-de-la-presidenta-claudia-sheinbaum-pardo-del-7-de-noviembre-de-2024?idiom=es'
2026-07-28T15:34:26.888491Z [info     ] Artículo insertado en Bronze   hash=f6bafb7be60a37f7eef566b88553951d1c58af337684dc877285473bdeaf92ef layer=bronze module_name=lakehouse.pipeline.ingestion url='https://www.gob.mx/presidencia/es/articulos/version-estenografica-conferencia-de-prensa-de-la-presidenta-claudia-sheinbaum-pardo-del-6-de-noviembre-de-2024?idiom=es'
2026-07-28T15:34:27.422203Z [info     ] Artículo insertado en Bronze   hash=d8d2a0262f1328145c172aab50aec0728bf214293830996e3aab6fddbf449e75 layer=bronze module_name=lakehouse.pipeline.ingestion url='https://www.gob.mx/presidencia/es/articulos/version-estenografica-conferencia-de-prensa-de-la-presidenta-claudia-sheinbaum-pardo-del-5-de-noviembre-de-2024?idiom=es'
2026-07-28T15:34:27.922624Z [info     ] Artículo insertado en Bronze   hash=cf4467806183933c197603b107a9cb3bb7ee27eb9edda369037b9af2102b3227 layer=bronze module_name=lakehouse.pipeline.ingestion url='https://www.gob.mx/presidencia/es/articulos/version-estenografica-conferencia-de-prensa-de-la-presidenta-claudia-sheinbaum-pardo-del-4-de-noviembre-de-2024?idiom=es'
2026-07-28T15:34:28.422447Z [info     ] Artículo insertado en Bronze   hash=2ae0a3d00955534e7d8574c3dfc88c35825b29f20d0a838abd9c24b7c3d7a369 layer=bronze module_name=lakehouse.pipeline.ingestion url='https://www.gob.mx/presidencia/es/articulos/version-estenografica-conferencia-de-prensa-de-la-presidenta-claudia-sheinbaum-pardo-del-31-de-octubre-de-2024?idiom=es'
2026-07-28T15:34:28.934133Z [info     ] Artículo insertado en Bronze   hash=88a10f5a9ce4499e132519e5028a2e94ab4f40a4c2a28e642f4cd3e45b063bfb layer=bronze module_name=lakehouse.pipeline.ingestion url='https://www.gob.mx/presidencia/es/articulos/version-estenografica-conferencia-de-prensa-de-la-presidenta-claudia-sheinbaum-pardo-del-30-de-octubre-de-2024?idiom=es'
2026-07-28T15:34:29.478809Z [info     ] Artículo insertado en Bronze   hash=887a3382a695b26b5cec7145307a53be63e4f66d70f76c08451b469065e7e3d6 layer=bronze module_name=lakehouse.pipeline.ingestion url='https://www.gob.mx/presidencia/es/articulos/version-estenografica-conferencia-de-prensa-de-la-presidenta-claudia-sheinbaum-pardo-del-29-de-octubre-de-2024?idiom=es'
2026-07-28T15:34:30.068048Z [info     ] Artículo insertado en Bronze   hash=307826b3efae60c1234d02366ae6e767970172c5e1bd1a19ae94533515b17c22 layer=bronze module_name=lakehouse.pipeline.ingestion url='https://www.gob.mx/presidencia/es/articulos/version-estenografica-conferencia-de-prensa-de-la-presidenta-claudia-sheinbaum-pardo-del-26-de-octubre-de-2024?idiom=es'
2026-07-28T15:34:30.568589Z [info     ] Artículo insertado en Bronze   hash=2c8e15270f64532e9d61dece2d3e3bf25e68df503aadd2d787f20d42e0b2cee1 layer=bronze module_name=lakehouse.pipeline.ingestion url='https://www.gob.mx/presidencia/es/articulos/version-estenografica-informe-general-de-las-acciones-por-el-huracan-john-en-acapulco-guerrero?idiom=es'
2026-07-28T15:34:31.035392Z [info     ] Artículo insertado en Bronze   hash=f9ca0f9234c1e7bcb508e10f3277aa8cb288239ae0bd4be5633cc78612abd6e9 layer=bronze module_name=lakehouse.pipeline.ingestion url='https://www.gob.mx/presidencia/es/articulos/version-estenografica-programas-para-el-bienestar-en-playas-de-rosarito-baja-california?idiom=es'
2026-07-28T15:34:31.513314Z [info     ] Artículo insertado en Bronze   hash=c6d09cdb9dbdbc93f75a2cfae7ee2d4a9fca6cc33e3867b25668fb7076385447 layer=bronze module_name=lakehouse.pipeline.ingestion url='https://www.gob.mx/presidencia/es/articulos/version-estenografica-inauguracion-del-hospital-general-santa-rosalia?idiom=es'
2026-07-28T15:34:31.991345Z [info     ] Artículo insertado en Bronze   hash=10c23905c15288ac2e18eec9889203c0de14870cfd15c9387549f8343c6102f6 layer=bronze module_name=lakehouse.pipeline.ingestion url='https://www.gob.mx/presidencia/es/articulos/version-estenografica-conferencia-de-prensa-de-la-presidenta-claudia-sheinbaum-pardo-del-25-de-octubre-de-2024?idiom=es'
2026-07-28T15:34:32.513993Z [info     ] Artículo insertado en Bronze   hash=4b8c408513b6cc2d87b7a25ddcddc5f48265b92eeecd2909f6c061fe607e794d layer=bronze module_name=lakehouse.pipeline.ingestion url='https://www.gob.mx/presidencia/es/articulos/version-estenografica-conferencia-de-prensa-de-la-presidenta-claudia-sheinbaum-pardo-del-24-de-octubre-de-2024?idiom=es'
2026-07-28T15:34:33.003130Z [info     ] Artículo insertado en Bronze   hash=6f2b29bf5480e804e4e52814241fbc84838972358f6f773a72da439282c9477c layer=bronze module_name=lakehouse.pipeline.ingestion url='https://www.gob.mx/presidencia/es/articulos/version-estenografica-conferencia-de-prensa-de-la-presidenta-claudia-sheinbaum-pardo-del-23-de-octubre-de-2024?idiom=es'
2026-07-28T15:34:33.548024Z [info     ] Artículo insertado en Bronze   hash=f2c9a2b43c393ee6e8467c3e74bac982656607090762537620d8514186814e18 layer=bronze module_name=lakehouse.pipeline.ingestion url='https://www.gob.mx/presidencia/es/articulos/version-estenografica-conferencia-de-prensa-de-la-presidenta-claudia-sheinbaum-pardo-del-22-de-octubre-de-2024?idiom=es'
2026-07-28T15:34:34.081536Z [info     ] Artículo insertado en Bronze   hash=c39db66f667b5b18fc6566f9d3ea3051d47e1f571f76f1266a62b9dce90becbc layer=bronze module_name=lakehouse.pipeline.ingestion url='https://www.gob.mx/presidencia/es/articulos/version-estenografica-conferencia-de-prensa-de-la-presidenta-claudia-sheinbaum-pardo-del-21-de-octubre-de-2024?idiom=es'
2026-07-28T15:34:34.770699Z [info     ] Artículo insertado en Bronze   hash=7f8ee32679c4e98ef9da78aab75310080f366db291ed4e49b4309049e97033b1 layer=bronze module_name=lakehouse.pipeline.ingestion url='https://www.gob.mx/presidencia/es/articulos/version-estenografica-pension-mujeres-bienestar-y-convenio-pension-universal-para-personas-con-discapacidad-en-yucatan?idiom=es'
2026-07-28T15:34:35.215327Z [info     ] Artículo insertado en Bronze   hash=ca60ab183e2302625d934b0e395b836108699dd48bcf335f4bf2e1687e23f92a layer=bronze module_name=lakehouse.pipeline.ingestion url='https://www.gob.mx/presidencia/es/articulos/version-estenografica-programas-para-el-bienestar-en-escarcega-campeche?idiom=es'
2026-07-28T15:34:35.726864Z [info     ] Artículo insertado en Bronze   hash=e584043b6627e39e5c14a666fa458a111f514fb961233fdefc9c76743e9d2f15 layer=bronze module_name=lakehouse.pipeline.ingestion url='https://www.gob.mx/presidencia/es/articulos/version-estenografica-pension-mujeres-bienestar-y-convenio-pension-universal-para-personas-con-discapacidad?idiom=es'
2026-07-28T15:34:36.271762Z [info     ] Artículo insertado en Bronze   hash=f1e4fbdf0a1385d1150551911fc51b39d672b84998e379d010b5d97315806393 layer=bronze module_name=lakehouse.pipeline.ingestion url='https://www.gob.mx/presidencia/es/articulos/version-estenografica-conferencia-de-prensa-de-la-presidenta-claudia-sheinbaum-pardo-del-18-de-octubre-de-2024?idiom=es'
2026-07-28T15:34:37.005238Z [info     ] Artículo insertado en Bronze   hash=6336854fcc5e173bb29b8bbf0d705d57fca2000c8af36909e9f3535ae35bf042 layer=bronze module_name=lakehouse.pipeline.ingestion url='https://www.gob.mx/presidencia/es/articulos/version-estenografica-conferencia-de-prensa-de-la-presidenta-claudia-sheinbaum-pardo-del-17-de-octubre-de-2024?idiom=es'
2026-07-28T15:34:37.572281Z [info     ] Artículo insertado en Bronze   hash=e58893ddb2293d07d0da55b97fee4f5d52b97d3247a9f4215c124bb83d89c590 layer=bronze module_name=lakehouse.pipeline.ingestion url='https://www.gob.mx/presidencia/es/articulos/version-estenografica-conferencia-de-prensa-de-la-presidenta-claudia-sheinbaum-pardo-del-16-de-octubre-de-2024?idiom=es'
2026-07-28T15:34:38.061334Z [info     ] Artículo insertado en Bronze   hash=f4cb39a27c3d11f1913b5d502c26747865e452cea0681bfb73e882eb0ab7baf7 layer=bronze module_name=lakehouse.pipeline.ingestion url='https://www.gob.mx/presidencia/es/articulos/version-estenografica-resultados-de-la-cumbre-dialogo-ceo-mexico-estados-unidos?idiom=es'
2026-07-28T15:34:38.539593Z [info     ] Artículo insertado en Bronze   hash=6206b6aff04de520f36533413054817224557d9026cce31432d3138e140d5222 layer=bronze module_name=lakehouse.pipeline.ingestion url='https://www.gob.mx/presidencia/es/articulos/version-estenografica-conferencia-de-prensa-de-la-presidenta-claudia-sheinbaum-pardo-del-15-de-octubre-de-2024?idiom=es'
2026-07-28T15:34:40.643969Z [info     ] Artículo insertado en Bronze   hash=e07f7190823b67b5f5b1307cac45c259c6e0eaba3a078caa5e356b17995865be layer=bronze module_name=lakehouse.pipeline.ingestion url='https://www.gob.mx/presidencia/es/articulos/version-estenografica-conferencia-de-prensa-de-la-presidenta-claudia-sheinbaum-pardo-del-14-de-octubre-de-2024?idiom=es'
2026-07-28T15:34:41.141894Z [info     ] Artículo insertado en Bronze   hash=8e816580791f86de87093969a39a7d672ab8fe169e9d3828dbc00d1d13ca3940 layer=bronze module_name=lakehouse.pipeline.ingestion url='https://www.gob.mx/presidencia/es/articulos/version-estenografica-inicio-de-trabajos-preliminares-para-la-construccion-del-tren-mexico-queretaro?idiom=es'
2026-07-28T15:34:41.820241Z [info     ] Artículo insertado en Bronze   hash=e0a8de355b7cd44f21734559641d47e4e11614afa3a61c4f10de3b00ba549858 layer=bronze module_name=lakehouse.pipeline.ingestion url='https://www.gob.mx/presidencia/es/articulos/version-estenografica-apoyo-bimestral-para-mujeres-de-60-a-64-anos?idiom=es'
2026-07-28T15:34:42.331303Z [info     ] Artículo insertado en Bronze   hash=2638ef4450af882033def70ad0692abd41ed96eca4d8ccf8c4f92eab46aa9ac4 layer=bronze module_name=lakehouse.pipeline.ingestion url='https://www.gob.mx/presidencia/es/articulos/version-estenografica-conferencia-de-prensa-de-la-presidenta-claudia-sheinbaum-pardo-del-11-de-octubre-de-2024?idiom=es'
2026-07-28T15:34:42.764991Z [info     ] Artículo insertado en Bronze   hash=2bb65e6201f8b3263f23178dfa35c702f1ee89e3cd596b0bd772c79d5ddf6963 layer=bronze module_name=lakehouse.pipeline.ingestion url='https://www.gob.mx/presidencia/es/articulos/version-estenografica-ceremonia-conmemorativa-de-los-200-anos-de-la-republica?idiom=es'
2026-07-28T15:34:43.254267Z [info     ] Artículo insertado en Bronze   hash=5af0c46c2ca28f8e454ba82587e3ddb62faaf9c7b1059dc8e974bcc54a21442e layer=bronze module_name=lakehouse.pipeline.ingestion url='https://www.gob.mx/presidencia/es/articulos/version-estenografica-conferencia-de-prensa-de-la-presidenta-claudia-sheinbaum-pardo-del-10-de-octubre-de-2024?idiom=es'
2026-07-28T15:34:43.776961Z [info     ] Artículo insertado en Bronze   hash=85c328d97db74e190bad0c3e52be2fe0cedda2a8ee67df745cb1e65327e9d5cb layer=bronze module_name=lakehouse.pipeline.ingestion url='https://www.gob.mx/presidencia/es/articulos/version-estenografica-conferencia-de-prensa-de-la-presidenta-claudia-sheinbaum-pardo-del-9-de-octubre-de-2024?idiom=es'
2026-07-28T15:34:44.310718Z [info     ] Artículo insertado en Bronze   hash=bc27744c6f84ef6473cb49939c617404eaa281250de0282ee91bef292a7be2f0 layer=bronze module_name=lakehouse.pipeline.ingestion url='https://www.gob.mx/presidencia/es/articulos/version-estenografica-conferencia-de-prensa-de-la-presidenta-claudia-sheinbaum-pardo-del-8-de-octubre-de-2024?idiom=es'
2026-07-28T15:34:44.822411Z [info     ] Artículo insertado en Bronze   hash=299ea6d3585098672cc367cb6808247379a864f7396e4fa1b381c2bcc5a91111 layer=bronze module_name=lakehouse.pipeline.ingestion url='https://www.gob.mx/presidencia/es/articulos/version-estenografica-conferencia-de-prensa-de-la-presidenta-claudia-sheinbaum-pardo-del-7-de-octubre-de-2024?idiom=es'
2026-07-28T15:34:45.311541Z [info     ] Artículo insertado en Bronze   hash=e2de4997a52fc6526e5b4bd86b9c6396f6686ea26e14455c65806f259431cbe1 layer=bronze module_name=lakehouse.pipeline.ingestion url='https://www.gob.mx/presidencia/es/articulos/version-estenografica-inicio-de-trabajos-preliminares-tren-mexico-pachuca?idiom=es'
2026-07-28T15:34:45.789409Z [info     ] Artículo insertado en Bronze   hash=ba9f6d99816ca3be5d196491305c5ea63e92d6e2b0cf0dc3e28c317caaef070b layer=bronze module_name=lakehouse.pipeline.ingestion url='https://www.gob.mx/presidencia/es/articulos/version-estenografica-programas-para-el-bienestar-en-morelos?idiom=es'
2026-07-28T15:34:46.312106Z [info     ] Artículo insertado en Bronze   hash=6b324814ac5a35541277d1765b1cef8fa04ac56347d204c4ef6f1ae32d69d65d layer=bronze module_name=lakehouse.pipeline.ingestion url='https://www.gob.mx/presidencia/es/articulos/version-estenografica-200-anos-de-la-promulgacion-de-la-constitucion-federal-de-1824-y-creacion-de-la-armada-de-mexico-379875?idiom=es'
2026-07-28T15:34:46.934679Z [info     ] Artículo insertado en Bronze   hash=8928d06c7f704f8f5f39c0abcc16aa5e0dbd48f02c81e6a61c948dfbf1abe8e6 layer=bronze module_name=lakehouse.pipeline.ingestion url='https://www.gob.mx/presidencia/es/articulos/version-estenografica-conferencia-de-prensa-de-la-presidenta-claudia-sheinbaum-pardo-del-4-de-octubre-de-2024?idiom=es'
2026-07-28T15:34:47.390794Z [info     ] Artículo insertado en Bronze   hash=694f74937af2ca5cfc7e21ce0db7a69e422be7862446680cc35cccfabed0e805 layer=bronze module_name=lakehouse.pipeline.ingestion url='https://www.gob.mx/presidencia/es/articulos/version-estenografica-salutacion-de-las-fuerzas-armadas-y-guardia-nacional-a-la-presidenta-constitucional-de-los-estados-unidos-mexicanos?idiom=es'
2026-07-28T15:34:47.913045Z [info     ] Artículo insertado en Bronze   hash=1f9bc6dc96dec62fdd97734a436b2fb469129f5f83b8f62a20935105a661c247 layer=bronze module_name=lakehouse.pipeline.ingestion url='https://www.gob.mx/presidencia/es/articulos/version-estenografica-conferencia-de-prensa-de-la-presidenta-claudia-sheinbaum-pardo-del-3-de-octubre-de-2024?idiom=es'
2026-07-28T15:34:48.513341Z [info     ] Artículo insertado en Bronze   hash=a676dc6233cafa899802e5bd79fff547994db77e065b974118839a98de11bb11 layer=bronze module_name=lakehouse.pipeline.ingestion url='https://www.gob.mx/presidencia/es/articulos/version-estenografica-conferencia-de-prensa-la-presidenta-claudia-sheinbaum-pardo-del-2-de-octubre-de-2024?idiom=es'
2026-07-28T15:34:49.002604Z [info     ] Artículo insertado en Bronze   hash=cc4a1694053063a0791e6906ee7a4b1df1c4b5c4928475012110567ba6dfb166 layer=bronze module_name=lakehouse.pipeline.ingestion url='https://www.gob.mx/presidencia/es/articulos/version-estenografica-toma-de-protesta-ante-el-pueblo-de-mexico?idiom=es'
2026-07-28T15:34:49.480637Z [info     ] Artículo insertado en Bronze   hash=b3f113a368283a057a6531f6c91d138188ec51229dff26bc187bfcd8cf5eaec9 layer=bronze module_name=lakehouse.pipeline.ingestion url='https://www.gob.mx/presidencia/es/articulos/version-estenografica-mensaje-de-la-presidenta-de-los-estados-unidos-mexicanos-claudia-sheinbaum-pardo?idiom=es'
2026-07-28T15:34:50.014199Z [info     ] Artículo insertado en Bronze   hash=4a331c437110604370e0f588779791fef004988de256d18efaf38fb81a271da1 layer=bronze module_name=lakehouse.pipeline.ingestion url='https://www.gob.mx/presidencia/es/articulos/version-estenografica-toma-de-protesta-de-claudia-sheinbaum-como-presidenta-constitucional-de-los-estados-unidos-mexicanos?idiom=es'
2026-07-28T15:34:51.724999Z [info     ] Ingesta Bronze completada      html_count=933 layer=bronze module_name=lakehouse.pipeline.ingestion records_inserted=420 run_id=run_20260728_152704
